id;cas;mol. wt.;level1;synonym;wikidata
0;57-06-7;99;allyl isothiocyanate;allyspol, 3-isothiocyanato-1-propene;http://www.wikidata.org/entity/Q27136415
1;60-12-8;122;2-phenylethyl alcohol;2-phenylethanol, β-phenyl ethanol, phenylethanol, benzyl carbinol, 2-phenylethyl alcohol;http://www.wikidata.org/entity/Q27136415
2;64-17-5;46;ethanol;;http://www.wikidata.org/entity/Q27136415
3;64-19-7;60;acetic acid;;http://www.wikidata.org/entity/Q27136415
4;65-85-0;122;benzoic acid;;http://www.wikidata.org/entity/Q27136415
5;66-25-1;100;hexanal;;http://www.wikidata.org/entity/Q27136415
6;67-47-0;126;5-oxymethylfurfurole;5-(hydroxymethyl)- 2-Furancarboxaldehyde, 5-hydroxymethyl-2-furfural;http://www.wikidata.org/entity/Q27136415
7;67-68-5;78;syntexan;sulfinylbis-methane, dimethyl sulfoxide, sclerosol, kemsol;http://www.wikidata.org/entity/Q27136415
8;67-71-0;90;dimethyl sulfone;sulfonylbismethane;http://www.wikidata.org/entity/Q27136415
9;71-23-8;60;propanol;1-propanol;http://www.wikidata.org/entity/Q27136415
10;71-36-3;74;butanol;1-butanol;http://www.wikidata.org/entity/Q27136415
11;71-41-0;88;pentanol;1-pentanol;http://www.wikidata.org/entity/Q27136415
12;74-93-1;48;methanethiol;methyl mercaptan;http://www.wikidata.org/entity/Q27136415
13;75-07-0;44;ethanal;acetaldehyde;http://www.wikidata.org/entity/Q27136415
14;75-18-3;62;dimethyl sulfide;;http://www.wikidata.org/entity/Q27136415
15;75-50-3;59;trimethylamine;N,N-dimethyl-methanamine;http://www.wikidata.org/entity/Q27136415
16;76-22-2;152;camphor;bornan-2-one, 1,7,7-trimethylbicyclo[2.2.1]-2-heptanone;http://www.wikidata.org/entity/Q27136415
17;76-50-6;238;bornyl isovalerate;1,7,7-trimethylbicyclo[2.2.1]heptan-2-ol isopentanoate, borneol isopentanoate, bornyval;http://www.wikidata.org/entity/Q27136415
18;78-36-4;224;linalyl butyrate;3,7-dimethyl-1,6-octadien-3-yl butyrate;http://www.wikidata.org/entity/Q27136415
19;78-70-6;154;linalool;3,7-dimethylocta-1,6-dien-3-ol,2,6-dimethylocta-2,7-dien-6-ol (R, S, and racemate);http://www.wikidata.org/entity/Q27136415
20;78-83-1;74;isobutanol;2-methyl-1-propanol;http://www.wikidata.org/entity/Q27136415
21;78-84-2;72;isobutyraldehyde;2-methylpropanal;http://www.wikidata.org/entity/Q27136415
22;78-92-2;74;butanol;2-butanol;http://www.wikidata.org/entity/Q27136415
23;78-93-3;72;methyl ethyl ketone;2-butanone;http://www.wikidata.org/entity/Q27136415
24;79-09-4;74;propanoic acid;propionic acid;http://www.wikidata.org/entity/Q27136415
25;79-31-2;88;isobutyric acid;2-methylpropanoic acid;http://www.wikidata.org/entity/Q27136415
26;79-77-6;192;β-ionone;4-(2,6,6-trimethyl-1-cyclohexen-1-yl)-3(E)-buten-2-one;http://www.wikidata.org/entity/Q27136415
27;79-92-5;136;camphene;2,2-dimethyl-3-methylene-bicyclo[2.2.1]heptane; 2,2-dimethyl-3-methylene norborane";;http://www.wikidata.org/entity/Q27136415
28;80-26-2;196;terpinyl acetate;α-terpineol acetate;http://www.wikidata.org/entity/Q27136415
29;80-56-8;136;α-pinene;2,6,6-trimethylbicyclo[3.1.1]hept-2-ene, cyclic dexadiene;http://www.wikidata.org/entity/Q27136415
30;83-34-1;131;skatole;3-methyl-1H-indole;http://www.wikidata.org/entity/Q27136415
31;87-44-5;204;β-caryophyllene;[1R-(1R,4E,9S)]-4,11,11-trimethyl-8-methylene-bicyclo[7.2.0]undec-4-ene, (E)-caryophyllene;http://www.wikidata.org/entity/Q27136415
32;87-91-2;206;diethyl tartrate;2,3-dihydroxy-butanedioic acid;http://www.wikidata.org/entity/Q27136415
33;88-15-3;126;acetylthiophene;2-acetylthiophene;http://www.wikidata.org/entity/Q27136415
34;88-84-6;204;β-guaiene;guaia-1(5),7(11)-diene, 1,2,3,4,5,6,7,8-octahydro-1,4-dimethyl-7-(1-methylethylidene)-azulene, β-guajene;http://www.wikidata.org/entity/Q27136415
35;89-49-6;196;isopulegyl acetate;;http://www.wikidata.org/entity/Q27136415
36;89-80-5;154;menthone;trans-p-menthan-3-one, 5-methyl-2-(1-methylethyl)-cyclohexanone;http://www.wikidata.org/entity/Q27136415
37;89-81-6;152;piperitone;3-methyl-6-(1-methylethyl)-2-cyclohexen-1-one, p-menth-1-en-3-one;http://www.wikidata.org/entity/Q27136415
38;90-05-1;124;guaiacol;2-methoxyphenol, o-hydroxyanisole;http://www.wikidata.org/entity/Q27136415
39;91-10-1;154;syringol;2,6-dimethoxyphenol;http://www.wikidata.org/entity/Q27136415
40;91-20-3;128;naphthalene;;http://www.wikidata.org/entity/Q27136415
41;91-64-5;146;coumarin;2-oxo-2H-1-benzopyran, coumaric acid, coumarine;http://www.wikidata.org/entity/Q27136415
42;93-15-2;178;methyl eugenol;1,2-dimethoxy-4-(2-propenyl)-benzene, veratrole methyl ether;http://www.wikidata.org/entity/Q27136415
43;93-58-3;136;methyl benzoate;;http://www.wikidata.org/entity/Q27136415
44;93-89-0;150;ethyl benzoate;;http://www.wikidata.org/entity/Q27136415
45;94-59-7;162;safrole;5-(2-propenyl)-1,3-benzodioxole;http://www.wikidata.org/entity/Q27136415
46;95-16-9;135;benzothiazole;;http://www.wikidata.org/entity/Q27136415
47;95-47-6;106;o-xylene;1,2-dimethylbenzene;http://www.wikidata.org/entity/Q27136415
48;95-48-7;108;o-cresol;2-hydroxytoluene, 2-methylphenol;http://www.wikidata.org/entity/Q27136415
49;95-63-6;120;methyl-p-xylene;1,2,4-trimethylbenzene, pseudocumene;http://www.wikidata.org/entity/Q27136415
50;95-93-2;134;durene;1,2,4,5-tetramethylbenzene, durol;http://www.wikidata.org/entity/Q27136415
51;96-17-3;86;methylbutanal;2-methylbutanal;http://www.wikidata.org/entity/Q27136415
52;96-22-0;86;pentanone;3-pentanone;http://www.wikidata.org/entity/Q27136415
53;96-48-0;86;γ-butyrolactone;4-hydroxybutyric acid lactone, tetrahydro-2-furanone;http://www.wikidata.org/entity/Q27136415
54;97-42-7;194;carvyl acetate;trans-p-mentha-6,8-dien-2-ol;http://www.wikidata.org/entity/Q27136415
55;97-47-3;226;phenylethyl benzoate;2-phenylethyl ester benzoic acid, 2-β-phenylethyl benzoate;http://www.wikidata.org/entity/Q27136415
56;97-53-0;164;eugenol;4-allyl-2-methoxyphenol;http://www.wikidata.org/entity/Q27136415
57;97-54-1;164;isoeugenol;2-methoxy-4-propenylphenol;http://www.wikidata.org/entity/Q27136415
58;97-62-1;116;ethyl isobutyrate;ethyl 2-methylpropanoate, ethyl methylpropanoate;http://www.wikidata.org/entity/Q27136415
59;97-64-3;118;ethyl lactate;2-hydroxy-propanoic acid ethyl ester;http://www.wikidata.org/entity/Q27136415
60;97-89-2;226;citronellyl isobutyrate;3,7-dimethyl-6-octen-1-yl 2-methyl propenoate;http://www.wikidata.org/entity/Q27136415
61;98-00-0;98;furfuryl alcohol;2-hydroxymethylfuran;http://www.wikidata.org/entity/Q27136415
62;98-01-1;96;furfural;2-furanal, 2-furaldehyde;http://www.wikidata.org/entity/Q27136415
63;98-02-2;114;fufuryl mercaptan;2-furfurylthiol, 2-furanmethanethiol;http://www.wikidata.org/entity/Q27136415
64;98-03-3;112;2-formylthiophene;;http://www.wikidata.org/entity/Q27136415
65;98-55-5;154;α-terpineol;p-menth-1-en-8-ol;http://www.wikidata.org/entity/Q27136415
66;98-86-2;120;acetophenone;1-phenylethanone;http://www.wikidata.org/entity/Q27136415
67;99-48-9;152;carveol;2-methyl-5-(1-methylethenyl)-2-cyclohexenol;http://www.wikidata.org/entity/Q27136415
68;99-49-0;150;DL-carvone;2-methyl-5-(1-methylethenyl)-2-cyclohexen-1-one, p-mentha-6,8-dien-2-one, (+)-carvone;http://www.wikidata.org/entity/Q27136415
69;99-83-2;136;α-phellandrene;R-(-)-1,5-menthadiene, 2-methyl-5-isopropyl-1,3-cyclohexadiene, α-phellandrene;http://www.wikidata.org/entity/Q27136415
70;99-85-4;136;γ-terpinene;1-methyl-4-(1-methylethyl)-1,4-cyclohexadiene;http://www.wikidata.org/entity/Q27136415
71;99-86-5;136;α-terpinene;1-methyl-4-(1-methylethyl)-1,3-cyclohexadiene;http://www.wikidata.org/entity/Q27136415
72;99-87-6;134;p-cymene;4-isopropyltoluene, p-methyl cumene;http://www.wikidata.org/entity/Q27136415
73;100-42-5;104;styrene;ethenylbenzene, phenylethylene;http://www.wikidata.org/entity/Q27136415
74;100-47-0;103;phenyl cyanide;benzonitrile, cyanobenzene;http://www.wikidata.org/entity/Q27136415
75;100-51-6;108;benzyl alcohol;benzyl alcohol, benzenemethanol;http://www.wikidata.org/entity/Q27136415
76;100-52-7;106;benzaldehyde;;http://www.wikidata.org/entity/Q27136415
77;100-71-0;107;2-ethylpyridine;;http://www.wikidata.org/entity/Q27136415
78;101-97-3;164;ethyl phenylacetate;;http://www.wikidata.org/entity/Q27136415
79;103-26-4;162;methyl cinnamate;;http://www.wikidata.org/entity/Q27136415
80;103-36-6;176;ethyl cinnamate;;http://www.wikidata.org/entity/Q27136415
81;103-37-7;178;benzyl butanoate;;http://www.wikidata.org/entity/Q27136415
82;103-45-7;164;β-phenethyl acetate;2-phenylethyl acetate;http://www.wikidata.org/entity/Q27136415
83;103-82-2;136;phenylacetic acid;;http://www.wikidata.org/entity/Q27136415
84;104-50-7;142;γ-octalactone;γ-octalactone, 4-octanolide, 4,5-dihydro-5-butyl-2(3H)-furanone;http://www.wikidata.org/entity/Q27136415
85;104-54-1;134;cinnamyl alcohol;3-phenyl-2-propen-1-ol;http://www.wikidata.org/entity/Q27136415
86;104-61-0;156;γ-nonalactone;;http://www.wikidata.org/entity/Q27136415
87;104-67-6;184;γ-undecalactone;;http://www.wikidata.org/entity/Q27136415
88;104-76-7;130;2-ethylhexanol;2-ethyl-1-hexanol;http://www.wikidata.org/entity/Q27136415
89;105-13-5;138;p-anisyl alcohol;4-methoxy benzyl alcohol;http://www.wikidata.org/entity/Q27136415
90;105-21-5;128;γ-heptalactone;4-heptanolide, 4,5-dihydro-5-propyl-2(3H)-furanone;http://www.wikidata.org/entity/Q27136415
91;105-37-3;102;ethyl propionate;ethyl n-propanoate;http://www.wikidata.org/entity/Q27136415
92;105-53-3;160;diethyl malonate;;http://www.wikidata.org/entity/Q27136415
93;105-54-4;116;ethyl butyrate;ethyl butanoate;http://www.wikidata.org/entity/Q27136415
94;105-57-7;118;diethyl acetal;1,1-diethoxyethane;http://www.wikidata.org/entity/Q27136415
95;105-66-8;130;propyl butyrate;;http://www.wikidata.org/entity/Q27136415
96;105-87-3;196;geranyl acetate;(E)-3,7-dimethyl-2,6-octadien-1-yl acetate;http://www.wikidata.org/entity/Q27136415
97;106-18-3;256;butyl laurate;butyl dodecanoate;http://www.wikidata.org/entity/Q27136415
98;106-22-9;156;citronellol;3,7-dimethyl-6-octen-1-ol, β-citronellol, (+)-citronellol, rodinol, DL-citronellol;http://www.wikidata.org/entity/Q27136415
99;106-23-0;154;citronellal;3,7-dimethyl-6-octenal, rhodinal;http://www.wikidata.org/entity/Q27136415
100;106-24-1;154;geraniol;(E)-3,7-dimethyl-2,6-octadien-1-ol;http://www.wikidata.org/entity/Q27136415
101;106-25-2;154;nerol;(Z)-3,7-dimethyl-2,6-octadien-1-ol;http://www.wikidata.org/entity/Q27136415
102;106-26-3;152;neral;3,7-dimethyl-(Z)-2,6-octadienal;http://www.wikidata.org/entity/Q27136415
103;106-28-5;222;(E)-farnesol;(E,E)-3,7,11-trimethyl-2,6-10-dodecatrien-1-ol;http://www.wikidata.org/entity/Q27136415
104;106-29-6;224;geranyl butyrate;(E)-3,7-dimethyl-2,6-octadien-1yl butyrate;http://www.wikidata.org/entity/Q27136415
105;106-30-9;158;ethyl heptylate;ethyl heptanoate;http://www.wikidata.org/entity/Q27136415
106;106-32-1;172;ethyl octanoate;ethyl caprylate;http://www.wikidata.org/entity/Q27136415
107;106-33-2;228;ethyl laurate;ethyl dodecanoate;http://www.wikidata.org/entity/Q27136415
108;106-36-5;116;propyl propanoate;;http://www.wikidata.org/entity/Q27136415
109;106-44-5;108;p-cresol;4-methylphenol;http://www.wikidata.org/entity/Q27136415
110;106-68-3;128;octanone;3-octanone;http://www.wikidata.org/entity/Q27136415
111;106-70-7;130;methyl hexanoate;;http://www.wikidata.org/entity/Q27136415
112;106-72-9;140;dimethylheptenal;2,6-dimethyl-5-heptenal;http://www.wikidata.org/entity/Q27136415
113;107-87-9;86;pentanone;2-pentanone;http://www.wikidata.org/entity/Q27136415
114;107-92-6;88;butyric acid;butanoic acid;http://www.wikidata.org/entity/Q27136415
115;108-38-3;106;m-xylene;1,3-dimethylbenzene, m-dimethylbenzene;http://www.wikidata.org/entity/Q27136415
116;108-39-4;108;m-cresol;3-methyl-phenol;http://www.wikidata.org/entity/Q27136415
117;108-50-9;108;dimethyl pyrazine;2,6-dimethyl pyrazine, 2,6-dimethyl -1,4-diazine;http://www.wikidata.org/entity/Q27136415
118;108-64-5;130;ethyl 3-methylbutanoate;ethyl 3-methylbutanoate, ethyl isovalerate, ethyl methylbutyrate;http://www.wikidata.org/entity/Q27136415
119;108-88-3;92;toluene;;http://www.wikidata.org/entity/Q27136415
120;108-95-2;94;phenol;;http://www.wikidata.org/entity/Q27136415
121;109-06-8;93;o-picoline;2-methylpyridine;http://www.wikidata.org/entity/Q27136415
122;109-08-0;94;methyl pyrazine;2-methylpyrazine;http://www.wikidata.org/entity/Q27136415
123;109-20-6;238;geranyl isovalerate;geranyl isopentanoate;http://www.wikidata.org/entity/Q27136415
124;109-52-4;102;pentanoic acid;;http://www.wikidata.org/entity/Q27136415
125;109-66-0;72;pentane;;http://www.wikidata.org/entity/Q27136415
126;109-94-4;74;ethyl formate;;http://www.wikidata.org/entity/Q27136415
127;110-01-0;88;thiophane;tetrahydrothiophene, tetramethylene sulfide, thiolane;http://www.wikidata.org/entity/Q27136415
128;110-02-1;84;thiophene;thiofuran;http://www.wikidata.org/entity/Q27136415
129;110-19-0;116;isobutyl acetate;2-methylpropyl acetate;http://www.wikidata.org/entity/Q27136415
130;110-38-3;200;ethyl decanoate;;http://www.wikidata.org/entity/Q27136415
131;110-42-9;186;methyl decanoate;;http://www.wikidata.org/entity/Q27136415
132;110-43-0;114;heptanone;2-heptanone;http://www.wikidata.org/entity/Q27136415
133;110-54-3;86;hexane;;http://www.wikidata.org/entity/Q27136415
134;110-62-3;86;pentanal;;http://www.wikidata.org/entity/Q27136415
135;110-86-1;79;azine;pyridine, azabenzene;http://www.wikidata.org/entity/Q27136415
136;110-93-0;126;methylisohexenyl ketone;6-methyl-5-hepten-2-one;http://www.wikidata.org/entity/Q27136415
137;111-11-5;158;methyl octanoate;;http://www.wikidata.org/entity/Q27136415
138;111-13-7;128;octanone;2-octanone;http://www.wikidata.org/entity/Q27136415
139;111-27-3;102;hexanol;1-hexanol;http://www.wikidata.org/entity/Q27136415
140;111-31-9;118;hexanethiol;;http://www.wikidata.org/entity/Q27136415
141;111-35-3;104;ethoxypropanol;3-ethoxy-1-propanol;http://www.wikidata.org/entity/Q27136415
142;111-65-9;114;octane;;http://www.wikidata.org/entity/Q27136415
143;111-70-6;116;heptanol;;http://www.wikidata.org/entity/Q27136415
144;111-71-7;114;heptanal;;http://www.wikidata.org/entity/Q27136415
145;111-82-0;214;methyl laurate;methyl dodecanoate;http://www.wikidata.org/entity/Q27136415
146;111-84-2;128;nonane;;http://www.wikidata.org/entity/Q27136415
147;111-87-5;130;octanol;1-octanol;http://www.wikidata.org/entity/Q27136415
148;112-05-0;158;nonanoic acid;;http://www.wikidata.org/entity/Q27136415
149;112-12-9;170;undecanone;2-undecanone;http://www.wikidata.org/entity/Q27136415
150;112-17-4;200;decyl alcohol;decyl acetate, decanyl acetate;http://www.wikidata.org/entity/Q27136415
151;112-30-1;158;decanol;;http://www.wikidata.org/entity/Q27136415
152;112-31-2;156;decanal;;http://www.wikidata.org/entity/Q27136415
153;112-37-8;186;undecylic acid;undecanoic acid;http://www.wikidata.org/entity/Q27136415
154;112-40-3;170;dodecane;;http://www.wikidata.org/entity/Q27136415
155;112-42-5;172;undecanol;;http://www.wikidata.org/entity/Q27136415
156;112-44-7;170;undecanaldehyde;undecanal;http://www.wikidata.org/entity/Q27136415
157;112-53-8;186;lauryl alcohol;dodecanol;http://www.wikidata.org/entity/Q27136415
158;112-54-9;184;lauric aldehyde;dodecanal;http://www.wikidata.org/entity/Q27136415
159;112-61-8;298;methyl octadecenoate;methyl (Z)-9-octadecenoate;http://www.wikidata.org/entity/Q27136415
160;112-70-9;200;tridecanol;;http://www.wikidata.org/entity/Q27136415
161;112-72-1;214;tetradecanol;;http://www.wikidata.org/entity/Q27136415
162;112-80-1;282;oleic acid;(Z)-9-octadecenoic acid;http://www.wikidata.org/entity/Q27136415
163;112-92-5;270;stearyl alcohol;octadecanol;http://www.wikidata.org/entity/Q27136415
164;112-95-8;282;eicosane;;http://www.wikidata.org/entity/Q27136415
165;115-18-4;86;methylbutenol;2-methyl-3-buten-2-ol;http://www.wikidata.org/entity/Q27136415
166;115-95-7;196;linalyl acetate;3,7-dimethyl-1,6-octadien-3-yl acetate, linalool acetate;http://www.wikidata.org/entity/Q27136415
167;115-99-1;182;linalyl formate;;http://www.wikidata.org/entity/Q27136415
168;116-26-7;150;safranal;2,6,6-trimethyl-1,3-cyclohexadiene-1-carboxaldehyde;http://www.wikidata.org/entity/Q27136415
169;116-53-0;102;methylbutyric acid;2-methylbutanoic acid;http://www.wikidata.org/entity/Q27136415
170;118-61-6;166;ethyl salicylate;benzoic acid 2-hydroxy-ethyl ester;http://www.wikidata.org/entity/Q27136415
171;118-65-0;204;isocaryophyllene;;http://www.wikidata.org/entity/Q27136415
172;118-71-8;140;maltol;hydromethylpyrone, 3-hydroxyl-2-methyl-4H-pyran-4-one;http://www.wikidata.org/entity/Q27136415
173;119-36-8;152;methyl salicylate;methyl o-hydroxybenzoate, betula oil;http://www.wikidata.org/entity/Q27136415
174;120-51-4;212;benzyl benzoate;phenylmethyl benzoate;http://www.wikidata.org/entity/Q27136415
175;120-72-9;117;indole;2,3-benzopyrrole, 1-benzazole;http://www.wikidata.org/entity/Q27136415
176;121-33-5;152;vanillin;4-hydroxy-3-methoxybenzaldehyde;http://www.wikidata.org/entity/Q27136415
177;122-00-9;134;4-acetyltoluene;p-methylacetophenone, (p-methylphenyl)-methylketone;http://www.wikidata.org/entity/Q27136415
178;122-03-2;148;cumin aldehyde;4-(1-methylethyl)-benzaldehyde, cuminaldehyde, cuminic aldehyde;http://www.wikidata.org/entity/Q27136415
179;122-78-1;120;phenylethanal;phenylacetaldehyde;http://www.wikidata.org/entity/Q27136415
180;122-97-4;136;hydrocinnamic alcohol;benzenepropanol, (3-hydroxypropyl)benzene, γ-phenylpropanol, 3-phenylpropanol;http://www.wikidata.org/entity/Q27136415
181;123-07-9;122;p-hydroethylbenzene;4-ethylphenol;http://www.wikidata.org/entity/Q27136415
182;123-11-5;136;p-anisaldehyde;4-methoxy-benzaldehide;http://www.wikidata.org/entity/Q27136415
183;123-25-1;174;diethyl succinate;diethyl ester butadienoic acid, diethyl succinate, diethyl butanedioate;http://www.wikidata.org/entity/Q27136415
184;123-32-0;108;dimethyl pyrazine;2,5-dimethyl pyrazine, 2,5-dimethyl -1,4-diazine;http://www.wikidata.org/entity/Q27136415
185;123-35-3;136;myrcene;7-methyl-3-methylene-1,6-octadiene;http://www.wikidata.org/entity/Q27136415
186;123-38-6;58;propanal;propionaldehyde;http://www.wikidata.org/entity/Q27136415
187;123-51-3;88;3-methyl-1-butanol;;http://www.wikidata.org/entity/Q27136415
188;123-66-0;144;ethyl hexanoate;;http://www.wikidata.org/entity/Q27136415
189;123-72-8;72;butanal;;http://www.wikidata.org/entity/Q27136415
190;123-73-9;70;trans-crotonaldehyde;(E)-2-butenal;http://www.wikidata.org/entity/Q27136415
191;123-75-1;71;pyrrolidine;tetrahydropyrrole;http://www.wikidata.org/entity/Q27136415
192;123-86-4;116;butyl acetate;;http://www.wikidata.org/entity/Q27136415
193;123-92-2;130;isoamyl acetate;3-methylbutyl acetate, methylbutyl acetate;http://www.wikidata.org/entity/Q27136415
194;123-96-6;130;2-octanol;;http://www.wikidata.org/entity/Q27136415
195;124-06-1;256;ethyl tetradecanoate;;http://www.wikidata.org/entity/Q27136415
196;124-07-2;144;octanoic acid;;http://www.wikidata.org/entity/Q27136415
197;124-10-7;242;methyl tetradecanoate;;http://www.wikidata.org/entity/Q27136415
198;124-13-0;128;octanal;;http://www.wikidata.org/entity/Q27136415
199;124-18-5;142;decane;;http://www.wikidata.org/entity/Q27136415
200;124-19-6;142;nonanal;;http://www.wikidata.org/entity/Q27136415
201;124-25-4;212;tetradecyl aldehyde;tetradecanal, myristaldehyde;http://www.wikidata.org/entity/Q27136415
202;124-76-5;154;isoborneol;exo-1,7,7,-trimethyl-bicyclo[2.2.1]heptan-2-ol, iso-camphol;http://www.wikidata.org/entity/Q27136415
203;127-41-3;192;α-ionone;4-(2,6,6-trimethyl-2-cyclohexen-1-yl)-3-buten-2-one;http://www.wikidata.org/entity/Q27136415
204;127-91-3;136;β-pinene;6,6-dimethyl-2-methylene-bicyclo[3.1.1]heptane;http://www.wikidata.org/entity/Q27136415
205;134-20-3;151;methyl anthranilate;;http://www.wikidata.org/entity/Q27136415
206;136-60-7;178;butyl benzoate;;http://www.wikidata.org/entity/Q27136415
207;137-00-8;143;sulfurol;4-methyl-5-hydroxyethyl-thiazole;http://www.wikidata.org/entity/Q27136415
208;137-32-6;88;2-methyl-1-butanol;;http://www.wikidata.org/entity/Q27136415
209;138-86-3;136;limonene;1-methyl-4-(1-methylethenyl)cyclohexene, p-mentha-1,8-diene (mixture);http://www.wikidata.org/entity/Q27136415
210;138-87-4;154;β-terpineol;p-menth-8-en-1-ol;http://www.wikidata.org/entity/Q27136415
211;140-10-3;148;cinnamic acid;(E)-3-phenyl-2-propenoic acid;http://www.wikidata.org/entity/Q27136415
212;140-11-4;150;benzyl acetate;;http://www.wikidata.org/entity/Q27136415
213;140-67-0;148;estragole;(1-methoxy)-4-(2-propenyl) benzene, 4-allylanisole;http://www.wikidata.org/entity/Q27136415
214;141-12-8;196;neryl acetate;3,7-dimethyl-2,6-octadien-1-ol acetate;http://www.wikidata.org/entity/Q27136415
215;141-16-2;226;citronellyl butyrate;3,7-dimethyl-6-octen-1-yl butyrate;http://www.wikidata.org/entity/Q27136415
216;141-27-5;152;geranial;(E)-3,7-dimethyl-2,6-octadienal;http://www.wikidata.org/entity/Q27136415
217;141-78-6;88;ethyl acetate;;http://www.wikidata.org/entity/Q27136415
218;141-79-7;98;4-methyl-3-penten-2-one;;http://www.wikidata.org/entity/Q27136415
219;142-62-1;116;caproic acid;hexanoic acid, capronic acid,;http://www.wikidata.org/entity/Q27136415
220;142-82-5;100;heptane;;http://www.wikidata.org/entity/Q27136415
221;142-91-6;298;isopropyl palmitate;2-methylpropyl hexadecanoate;http://www.wikidata.org/entity/Q27136415
222;142-92-7;144;hexyl acetate;;http://www.wikidata.org/entity/Q27136415
223;143-07-7;200;lauric acid;dodecanoic acid;http://www.wikidata.org/entity/Q27136415
224;143-08-8;144;nonanol;1-nonanol pelargonic alcohol, nonyl alcohol;http://www.wikidata.org/entity/Q27136415
225;143-13-5;186;nonyl acetate;1-acetoxynonane;http://www.wikidata.org/entity/Q27136415
226;150-84-5;198;citronellyl acetate;3,7-dimethyl-6-octen-1-yl acetate;http://www.wikidata.org/entity/Q27136415
227;150-86-7;296;phytol;;http://www.wikidata.org/entity/Q27136415
228;334-48-5;172;decanoic acid;;http://www.wikidata.org/entity/Q27136415
229;431-03-8;86;diacetyl;2,3-butanedione;http://www.wikidata.org/entity/Q27136415
230;432-25-7;152;β-cyclocitral;;http://www.wikidata.org/entity/Q27136415
231;465-31-6;154;camphene hydrate;;http://www.wikidata.org/entity/Q27136415
232;470-67-7;154;1,4-cineole;1-methyl-4-(1-methylethyl)-7-oxabicyclo[2.2.1]heptane, isocineole, 1,4-epoxy-p-menthane;http://www.wikidata.org/entity/Q27136415
233;470-82-6;154;1,8-cineole;1,8-epoxy-p-menthane, 1,3,3-trimethyl-2-oxabicyclo[2.2.2]octane, cineole, eucalyptol;http://www.wikidata.org/entity/Q27136415
234;472-97-9;222;β-caryophyllene alcohol;;http://www.wikidata.org/entity/Q27136415
235;473-15-4;222;β-eudesmol;(+)-β-eudesmol, β-selinenol;http://www.wikidata.org/entity/Q27136415
236;481-34-5;222;α-cadinol;;http://www.wikidata.org/entity/Q27136415
237;483-76-1;204;δ-cadinene;;http://www.wikidata.org/entity/Q27136415
238;483-77-2;202;calamenene;;http://www.wikidata.org/entity/Q27136415
239;484-31-1;222;dill apiol;4,5-dimethoxy-6-(2-propenyl)-1,3-benzodioxole, dillapiol;http://www.wikidata.org/entity/Q27136415
240;487-11-6;208;elemicin;1,2,3-trimethoxy-5-allylbenzene, trimethoxyallylbenzene, elemicin;http://www.wikidata.org/entity/Q27136415
241;489-39-4;204;aromadendrene;aromadendrene, [1ar-(1aalpha,4aalpha,7alpha,7abeta,7balpha)]-decahydro- 1,1,7-trimethyl-4-methylene-1H-cycloprop[e]azulene;http://www.wikidata.org/entity/Q27136415
242;489-40-7;204;α-gurjunene;(-)-α-gurjunene;http://www.wikidata.org/entity/Q27136415
243;489-86-1;222;guaiol;guaiac alcohol, (-)-guaiol, champaca camphor, champacol;http://www.wikidata.org/entity/Q27136415
244;491-02-1;156;neoisomenthol;;http://www.wikidata.org/entity/Q27136415
245;491-04-3;154;(Z)-piperitol;1-p-menthen-3-ol;http://www.wikidata.org/entity/Q27136415
246;495-60-3;204;α-zingiberene;[S-(R,S)]-5-(1,5-dimethyl-4-hexenyl)-2-methyl-1,3-cyclohexadiene, (-)-zingiberene;http://www.wikidata.org/entity/Q27136415
247;495-61-4;204;(-)-β-bisabolene;β-bisabolene, 6-methyl-2-(4-methyl-3-cyclohexen-1-yl)-1,5-heptadiene;http://www.wikidata.org/entity/Q27136415
248;498-02-2;166;acetovanillone;1-(4-hydroxy-3-methoxyphenyl)-ethanone, apocynin;http://www.wikidata.org/entity/Q27136415
249;498-16-8;154;lavandulol;2-isopropylpentyl-5-methyl-4-hexen-1-ol;http://www.wikidata.org/entity/Q27136415
250;501-52-0;150;hydrocinnamic acid;benzenepropanoic acid, 3-phenyl-n-propionic acid, benzylacetic acid;http://www.wikidata.org/entity/Q27136415
251;501-92-8;134;chavicol;4-(2-propenyl)-phenol, p-hydroxyallybenzene;http://www.wikidata.org/entity/Q27136415
252;501-98-4;164;p-coumaric acid;(E)-3-(4-hydroxyphenyl)-2-propenoic acid, 4-hydroxycinnamic acid;http://www.wikidata.org/entity/Q27136415
253;502-61-4;204;α-farnesene;(E,E)-3,7,11-trimethyl-1,3,6,10-dodecatetraene, 2,6,10-trimethyl-2,6,9,10-dodecatetrene, (E,E)-α-farnesene;;http://www.wikidata.org/entity/Q27136415
254;502-69-2;268;perhydrofarnesylacetone;6,10,14-trimethyl-2-pentadecanone;http://www.wikidata.org/entity/Q27136415
255;502-99-8;136;α-ocimene;3,7-dimethyl-1,3,7-octatriene, 2,6-dimethyl-1,5,7-octatriene, α-ocimene, ocimene;http://www.wikidata.org/entity/Q27136415
256;503-74-2;102;isovaleric acid;3-methylbutanoic acid, methylbutyric acid;http://www.wikidata.org/entity/Q27136415
257;505-10-2;106;methionol;3-(methylthio)propanol;http://www.wikidata.org/entity/Q27136415
258;505-57-7;98;2-hexenal;2-hexen-1-al;http://www.wikidata.org/entity/Q27136415
259;507-70-0;154;borneol;endo-(1S)-1,7,7-trimethyl-bicyclo[2.2.1]heptan-2-ol;http://www.wikidata.org/entity/Q27136415
260;513-85-9;90;butanediol;2,3-butanediol;http://www.wikidata.org/entity/Q27136415
261;513-86-0;88;acetoin;3-hydroxy-2-butanone, hydroxybutanone;http://www.wikidata.org/entity/Q27136415
262;515-17-3;204;γ-selinene;;http://www.wikidata.org/entity/Q27136415
263;515-69-5;222;α-bisabolol;6-methyl-2-(4-methyl-3-cyclohexen-1-yl)-5-hepten-2-ol, dragosantol;http://www.wikidata.org/entity/Q27136415
264;531-59-9;176;7-methoxycoumarin;7-methoxy-2H-1-benzopyran-2-one;http://www.wikidata.org/entity/Q27136415
265;536-60-7;150;cuminic alcohol;4-(1-methylethyl)-benzenemethanol, isopropylbenzyl alcohol, cuminyl alcohol p-cymene-7-ol;http://www.wikidata.org/entity/Q27136415
266;538-86-3;122;benzylmethyl ether;;http://www.wikidata.org/entity/Q27136415
267;539-52-6;150;perillen;;http://www.wikidata.org/entity/Q27136415
268;539-82-2;130;ethyl valerate;ethyl pentanoate;http://www.wikidata.org/entity/Q27136415
269;540-18-1;158;pentyl butanoate;;http://www.wikidata.org/entity/Q27136415
270;541-58-2;113;dimethylthiazole;2,4-dimethylthiazole;http://www.wikidata.org/entity/Q27136415
271;543-49-7;116;heptanol;2-heptanol;http://www.wikidata.org/entity/Q27136415
272;544-76-3;226;hexadecane;;http://www.wikidata.org/entity/Q27136415
273;546-49-6;152;artemisia ketone;3,3,6-trimethyl-1,5-heptadien-4-one;http://www.wikidata.org/entity/Q27136415
274;547-63-7;102;methyl methylpropanoate;methyl 2-methylpropanoate;http://www.wikidata.org/entity/Q27136415
275;551-93-9;135;o-aminoacetophenone;;http://www.wikidata.org/entity/Q27136415
276;552-02-3;222;viridiflorol;(+)-viridiflorol, δ-viridiflorol, decahydro-1,1,4,7-tetramethyl-, (1aR,4S,4aS,7R,7aS,7bS)-1H-Cycloprop[e]azulen-4-ol, himbaccol;http://www.wikidata.org/entity/Q27136415
277;554-14-3;98;methylthiophene;2-methylthiophene;http://www.wikidata.org/entity/Q27136415
278;554-60-9;136;β-carene;7,7-dimethyl-3-methylene-bicyclo[4.1.0]heptane, β-carene, pseudocarene, 3(10)-carene;http://www.wikidata.org/entity/Q27136415
279;555-10-2;136;β-phellandrene;1(7)-2-p-menthadiene;http://www.wikidata.org/entity/Q27136415
280;556-24-1;116;methyl methylbutanoate;methyl 3-methylbutanoate;http://www.wikidata.org/entity/Q27136415
281;556-64-9;73;methyl thiocyanate;;http://www.wikidata.org/entity/Q27136415
282;556-82-1;86;methyl-2-butenol;3-methyl-2-buten-1-ol;http://www.wikidata.org/entity/Q27136415
283;557-48-2;138;2,6-nonadienal;(E,Z)-2,6-nonadienal;http://www.wikidata.org/entity/Q27136415
284;562-74-3;154;1-terpinen-4-ol;4-isopropyl-methyl-1-cyclohexen-4-ol, 1-p-menthen-4-ol, 4-carvomenthenol;http://www.wikidata.org/entity/Q27136415
285;563-80-4;86;methylbutanone;3-methyl-2-butanone;http://www.wikidata.org/entity/Q27136415
286;565-69-5;100;methylpentanone;2-methylpentan-3-one;http://www.wikidata.org/entity/Q27136415
287;578-58-5;122;2-methyl anisole;1-methoxy-3-methyl-benzene, o-methylanisole, o-methoxytoluene;http://www.wikidata.org/entity/Q27136415
288;581-42-0;156;2,6-dimethylnaphthalene;;http://www.wikidata.org/entity/Q27136415
289;584-02-1;96;pentanol;3-pentanol;http://www.wikidata.org/entity/Q27136415
290;586-62-9;136;δ-terpinene;1-methyl-4-(1-methylehtylidene)cyclohexene, 1,4(8)-p-menthadiene, terpinolene;http://www.wikidata.org/entity/Q27136415
291;586-82-3;154;3-terpinen-1-ol;1-methyl-4-(1-methylethyl)-3-cyclohexen-1-ol, p-menth-3-en-1-ol, 1-terpinenol, 1-terpineol;http://www.wikidata.org/entity/Q27136415
292;589-38-8;100;hexanone;3-hexanone;http://www.wikidata.org/entity/Q27136415
293;589-75-3;200;butyl octanoate;;http://www.wikidata.org/entity/Q27136415
294;589-82-2;116;heptanol;3-heptanol, 1-ethyl-1-pentanol;http://www.wikidata.org/entity/Q27136415
295;589-98-0;130;octanol;3-octanol;http://www.wikidata.org/entity/Q27136415
296;590-36-3;102;methylpentanol;2-methyl-2-pentanol;http://www.wikidata.org/entity/Q27136415
297;590-86-3;86;methylbutanal;3-methylbutanal;http://www.wikidata.org/entity/Q27136415
298;591-78-6;100;hexanone;2-hexanone;http://www.wikidata.org/entity/Q27136415
299;592-82-5;115;butyl isothiocyanate;1-isothiocyanato-butane;http://www.wikidata.org/entity/Q27136415
300;593-45-3;254;octadecane;;http://www.wikidata.org/entity/Q27136415
301;599-04-2;130;pantolactone;dihydro-3-hydroxy-4,4-dimethyl- 2(3H)-Furanone, Pantoyl lactone;http://www.wikidata.org/entity/Q27136415
302;600-14-6;100;2,3-pentadione;2,3-pentanedione;http://www.wikidata.org/entity/Q27136415
303;607-91-0;192;myristicin;;http://www.wikidata.org/entity/Q27136415
304;616-25-1;86;pentenol;1-penten-3-ol;http://www.wikidata.org/entity/Q27136415
305;617-05-0;196;ethyl vanillate;4-hydroxy-3-methoxybenzoic acid ethyl ester;http://www.wikidata.org/entity/Q27136415
306;619-01-2;154;dihydrocarveol;8-p-menthen-2-ol, carhydranol, p-menth-8-en-2-ol;http://www.wikidata.org/entity/Q27136415
307;619-62-5;154;p-2-menthen-1-ol;(E)-p-2-menthen-1-ol;http://www.wikidata.org/entity/Q27136415
308;620-02-0;110;5-methylfurfural;5-methyl-2-furanaldehyde;http://www.wikidata.org/entity/Q27136415
309;620-17-7;122;ethylphenol;3-ethylphenol;http://www.wikidata.org/entity/Q27136415
310;623-42-7;102;methyl butanoate;;http://www.wikidata.org/entity/Q27136415
311;624-41-9;130;2-methylbutyl acetate;2-methyl-1-butyl acetate;http://www.wikidata.org/entity/Q27136415
312;624-89-5;76;methyl ethyl sulfide;(methylthio)-ethane, 2-thiabutane;http://www.wikidata.org/entity/Q27136415
313;624-92-0;94;dimethyl disulfide;;http://www.wikidata.org/entity/Q27136415
314;626-77-7;158;propyl hexanoate;;http://www.wikidata.org/entity/Q27136415
315;626-82-4;172;butyl hexanoate;;http://www.wikidata.org/entity/Q27136415
316;627-90-7;214;ethyl undecanoate;;http://www.wikidata.org/entity/Q27136415
317;628-97-7;284;ethyl hexadecanoate;;http://www.wikidata.org/entity/Q27136415
318;628-99-9;144;2-nonanol;1-methyl-1-octanol, nonan-2-ol;http://www.wikidata.org/entity/Q27136415
319;629-50-5;184;tridecane;;http://www.wikidata.org/entity/Q27136415
320;629-59-4;198;tetradecane;;http://www.wikidata.org/entity/Q27136415
321;629-62-9;212;pentadecane;;http://www.wikidata.org/entity/Q27136415
322;629-78-7;240;heptadecane;;http://www.wikidata.org/entity/Q27136415
323;629-80-1;240;palmitaldehyde;hexadecanal;http://www.wikidata.org/entity/Q27136415
324;629-92-5;268;nonadecane;;http://www.wikidata.org/entity/Q27136415
325;629-94-7;296;heneicosane;;http://www.wikidata.org/entity/Q27136415
326;629-97-0;310;docosane;;http://www.wikidata.org/entity/Q27136415
327;637-69-4;134;p-methoxystyrene;1-ethenyl-4-methoxy-benzene, p-vinylanisole;http://www.wikidata.org/entity/Q27136415
328;638-11-9;130;isopropyl butanoate;2-propyl butanoate;http://www.wikidata.org/entity/Q27136415
329;638-66-4;268;octadecanaldehyde;octadecanal;http://www.wikidata.org/entity/Q27136415
330;638-67-5;324;tricosane;;http://www.wikidata.org/entity/Q27136415
331;639-99-6;222;elemol;α-elemol;http://www.wikidata.org/entity/Q27136415
332;644-30-4;202;α-curcumene;;http://www.wikidata.org/entity/Q27136415
333;693-95-8;99;4-methylthiazole;4-methyl-1,3-thiazole;http://www.wikidata.org/entity/Q27136415
334;695-06-7;114;4-hexanolide;γ-ethyl-γ-butyrolactone; γ-caproalctone, γ-hexalactone;http://www.wikidata.org/entity/Q27136415
335;698-10-2;142;abhexone;5-ethyl-3-hydroxy-4-methyl-2(5H)-furanone;http://www.wikidata.org/entity/Q27136415
336;698-76-0;142;5-octanolide;5-hydroxyoctanoic acid lactone, δ-octalactone, R-δ-octalactone, δ-propyl-δ-valerolactone;http://www.wikidata.org/entity/Q27136415
337;705-86-2;170;δ-decalactone;5-decanolide, δ-lactone 5-hydroxydecanoic acid;http://www.wikidata.org/entity/Q27136415
338;706-14-9;170;γ-decalactone;5-hexyldihydro-2(3H)-furanone,4-decanolide;http://www.wikidata.org/entity/Q27136415
339;710-04-3;184;δ-undecalactone;δ-undecalactone, 5-undecanolide;http://www.wikidata.org/entity/Q27136415
340;713-95-1;198;δ-dodecalactone;6-heptyltetrahydro-2H-pyran-2-one, 5-dodecanolide;http://www.wikidata.org/entity/Q27136415
341;818-49-5;116;4-methylhexanol;4-methyl-1-hexanol;http://www.wikidata.org/entity/Q27136415
342;821-55-6;142;nonanone;2-nonanone;http://www.wikidata.org/entity/Q27136415
343;868-57-5;116;methyl methylbutyrate;methyl 2-methylbutanoate;http://www.wikidata.org/entity/Q27136415
344;876-17-5;154;(+)-cis-rose oxide;cis-tetrahydro-4-methyl-2-(2-methyl-1-propenyl)-2H-pyran, (+)-cis rose oxide;http://www.wikidata.org/entity/Q27136415
345;928-94-9;100;2-hexenol;(Z)-2-hexenol;http://www.wikidata.org/entity/Q27136415
346;928-95-0;100;(E)-2-hexenol;(E)-2-hexen-1-ol;http://www.wikidata.org/entity/Q27136415
347;928-96-1;100;(Z)-3-hexenol;(Z)-3-hexen-1-ol;http://www.wikidata.org/entity/Q27136415
348;928-97-2;100;(E)-3-hexenol;(3E)-3-hexen-1-ol, trans-3-hexenol;http://www.wikidata.org/entity/Q27136415
349;930-68-7;96;1-cyclohexen-3-one;2-cyclohexen-1-one, 2-cyclohexenone;http://www.wikidata.org/entity/Q27136415
350;931-57-7;112;2,3,4,5-tetrahydroanisole;1-methoxycyclohexene;http://www.wikidata.org/entity/Q27136415
351;939-48-0;164;isopropyl benzoate;1-methylethyl benzoate;http://www.wikidata.org/entity/Q27136415
352;999-10-0;132;ethyl hydroxybutanoate;ethyl 4-hydroxybutanoate;http://www.wikidata.org/entity/Q27136415
353;1072-83-9;109;2-acetylpyrrole;methyl 2-pyrrolyl ketone, ethanone;http://www.wikidata.org/entity/Q27136415
354;1073-26-3;123;Propionylpyrrole;2-Propionylpyrrole;http://www.wikidata.org/entity/Q27136415
355;1115-11-3;84;methyl-2-butenal;2-methyl-2-butenal;http://www.wikidata.org/entity/Q27136415
356;1117-52-8;262;(E,E)-farnesylacetone;(5E,9E)-6,10,14-trimethyl-5,9,13-pentadecatrien-2-one, farnesyl acetone,;http://www.wikidata.org/entity/Q27136415
357;1117-55-1;228;hexyl octanoate;;http://www.wikidata.org/entity/Q27136415
358;1118-27-0;238;linalyl isovalerate;linalyl isopentanoate;http://www.wikidata.org/entity/Q27136415
359;1120-21-4;156;undecane;;http://www.wikidata.org/entity/Q27136415
360;1122-62-9;121;acetylpyridine;2-acetylpyridine;http://www.wikidata.org/entity/Q27136415
361;1126-51-8;158;4-Carbethoxybutyrolactone;γ-Carboethoxy-γ-butyrolactone;http://www.wikidata.org/entity/Q27136415
362;1139-30-6;220;caryophyllene oxide;(1R,4R,6R,10S)-4,12,12-trimethyl-9-methylene-5-oxatricyclo[8.2.0.0]4,6)]dodecane;http://www.wikidata.org/entity/Q27136415
363;1189-09-9;182;methyl geranate;methyl-(E)-geranate;http://www.wikidata.org/entity/Q27136415
364;1192-62-7;110;acetylfuran;2-acetylfuran;http://www.wikidata.org/entity/Q27136415
365;1195-32-0;132;α-p-dimethylstyrene;4-methyl-α-styrene, dehydro-p-cymene, 4-(2-propenyl)-1-methylbenzene,1-isopropenyl-4-methylbenzene, 1-methyl-4-(1-methylethenyl)-benzene;http://www.wikidata.org/entity/Q27136415
366;1195-92-2;152;limonene oxide;1,2-epoxy-p-menth-8-ene;http://www.wikidata.org/entity/Q27136415
367;1197-01-9;150;p-cymenol;p-cymen-8-ol, 1-methy-4-(1-hydroxy-1-methylethyl)benzene;http://www.wikidata.org/entity/Q27136415
368;1197-06-4;152;(Z)-carveol;2-methyl-5-(1-methylethenyl)-2-cyclohexen-1-ol, cis-mentha-1,8-dien-6-ol;http://www.wikidata.org/entity/Q27136415
369;1197-07-5;152;(E)-carveol;(E)-p-mentha-6,8-dien-2-ol, trans- 1-methyl-4-isoprpenyl-6-cyclohexen-2-ol;http://www.wikidata.org/entity/Q27136415
370;1197-15-5;150;1,3-p-menthadien-7-al;;http://www.wikidata.org/entity/Q27136415
371;1200-67-5;182;isobornyl formate;;http://www.wikidata.org/entity/Q27136415
372;1209-71-8;222;uncineol;γ-eudesmol, eudesm-4-en-11-ol, machilol, selinenol;http://www.wikidata.org/entity/Q27136415
373;1211-29-6;224;methyl jasmonate;(E)-methyl jasmonate;http://www.wikidata.org/entity/Q27136415
374;1365-19-1;170;linalool oxide;epoxydihydrolinalool;http://www.wikidata.org/entity/Q27136415
375;1565-80-6;88;2-methyl-1-butanol;;http://www.wikidata.org/entity/Q27136415
376;1569-50-2;86;alpha,γ-dimethylallyl alcohol;3-penten-2-ol, 4-hydroxy-2-pentene, 2-hydroxy-3-pentene, methyl propenyl carbinol.;http://www.wikidata.org/entity/Q27136415
377;1576-87-0;84;pentenal;(E)-2-pentenal;http://www.wikidata.org/entity/Q27136415
378;1576-95-0;86;(Z)-2-penten-1-ol;cis-2-penten-1-ol;http://www.wikidata.org/entity/Q27136415
379;1576-96-1;86;(E)-2-penten-1-ol;(2E)-2-penten-1-ol, trans-2-pentenol;http://www.wikidata.org/entity/Q27136415
380;1618-26-4;108;methylene bis(methyl sulfide);;http://www.wikidata.org/entity/Q27136415
381;1629-58-9;84;pentenone;1-penten-3-one;http://www.wikidata.org/entity/Q27136415
382;1629-60-3;98;hexenone;1-hexen-3-one;http://www.wikidata.org/entity/Q27136415
383;1632-73-1;154;fenchyl alcohol;(1R)-1,3,3-trimethyl-norbanan-2-ol, (1R)-1,3,3-trimethyl bicyclo[2.2.1]heptan-2-ol, 2-fenchanol;http://www.wikidata.org/entity/Q27136415
384;1669-44-9;126;3-octen-2-one;;http://www.wikidata.org/entity/Q27136415
385;1731-84-6;172;methyl nonanoate;;http://www.wikidata.org/entity/Q27136415
386;1754-62-7;162;methyl cinnamate;(E)-methyl ester 3-phenyl-2-propenoic acid;http://www.wikidata.org/entity/Q27136415
387;1786-08-9;152;nerol oxide;3,6-dihydro-4-methyl-2-(2-methyl-1-propenyl)-2H-pyran;http://www.wikidata.org/entity/Q27136415
388;2021-28-5;178;ethyl dihydrocinnamate;ethyl 3-phenylpropanoate;http://www.wikidata.org/entity/Q27136415
389;2051-50-5;172;octyl acetate;2-octyl acetate;http://www.wikidata.org/entity/Q27136415
390;2111-75-3;150;perilla aldehyde;4-(1-methylethenyl)-1-cyclohexene-1-carboxaldehyde;http://www.wikidata.org/entity/Q27136415
391;2216-51-5;156;l-menthol;[R-(1alpha,2beta,5beta)]-5-methyl-2-(1-methylethyl)-cyclohexanol, L-p-menthan-3-ol;http://www.wikidata.org/entity/Q27136415
392;2243-33-6;136;(+)-α-phellandrene;(+)-(4S)-α-phellandrene;http://www.wikidata.org/entity/Q27136415
393;2244-16-8;150;(+)-carvone;(+)-(4S)-2-methyl-5-(1-methylethenyl)-2-cyclohexen-1-one, (+)-(4S)-carvol, D-carvone;http://www.wikidata.org/entity/Q27136415
394;2294-76-0;149;pentylpyridine;2-pentylpyridine;http://www.wikidata.org/entity/Q27136415
395;2305-05-7;198;γ-dodecalactone;4-dodecanolide, dihydro-5-octyl-2(3H)-furanone;http://www.wikidata.org/entity/Q27136415
396;2305-25-1;160;ethylhydroxyhexanoate;ethyl-3-hydroxyhexanoate;http://www.wikidata.org/entity/Q27136415
397;2311-46-8;158;isopropyl hexanoate;;http://www.wikidata.org/entity/Q27136415
398;2313-01-1;112;ethylfuranone;5-ethyl-(3H)-furan-2-one;http://www.wikidata.org/entity/Q27136415
399;2351-90-8;171;ethyl octenoate;2-octenioc acid, ethyl ester, ethyl-2-(E)-octenoate;http://www.wikidata.org/entity/Q27136415
400;2363-89-5;126;2-octenal;;http://www.wikidata.org/entity/Q27136415
401;2371-42-8;168;methylisoborneol;2-methylisoborneol;http://www.wikidata.org/entity/Q27136415
402;2407-43-4;112;ethylfuranone;5-ethyl-(5H)-furan-2-one;http://www.wikidata.org/entity/Q27136415
403;2463-53-8;140;2-nonenal;;http://www.wikidata.org/entity/Q27136415
404;2463-63-0;112;2-hepten-1-al;2-hepten-1-al, 2-heptenal, butylacrolein;http://www.wikidata.org/entity/Q27136415
405;2463-77-6;168;2-undecenal;;http://www.wikidata.org/entity/Q27136415
406;2497-25-8;154;2-decenal;(Z)-2-decenal;http://www.wikidata.org/entity/Q27136415
407;2527-76-6;130;methyl-thiophenethiol;2-methyl-3-thiophenethiol;http://www.wikidata.org/entity/Q27136415
408;2548-87-0;126;2-octenal;(E)-2-octenal;http://www.wikidata.org/entity/Q27136415
409;2628-17-3;120;4-vinylphenol;4-ethenyl-phenol, p-hydroxystyrene;http://www.wikidata.org/entity/Q27136415
410;2639-63-6;172;hexyl butanoate;;http://www.wikidata.org/entity/Q27136415
411;2756-56-1;210;isobornyl propionate;exo-2-camphanyl propionate;http://www.wikidata.org/entity/Q27136415
412;2765-11-9;226;pentadecanal;;http://www.wikidata.org/entity/Q27136415
413;2785-87-7;166;4-propyl-guaiacol;2-methoxy-4-propyl-phenol;http://www.wikidata.org/entity/Q27136415
414;2785-89-9;152;4-ethylguaiacol;1-hydroxy-2-methoxy-4-ethyl-benzene, 4-ethyl-2-methoxyphenol;http://www.wikidata.org/entity/Q27136415
415;2825-91-4;170;δ-decalactone;R-δ-decalactone;http://www.wikidata.org/entity/Q27136415
416;2867-05-2;136;α-thujene;2-methyl-5-(1-methylethyl)-bicyclo[3.1.0]hex-2-ene, 3-thujene, origanene;http://www.wikidata.org/entity/Q27136415
417;2918-13-0;112;heptenone;1-hepten-3-one;http://www.wikidata.org/entity/Q27136415
418;3025-30-7;196;ethyl-(E,Z)-2,4-decadienoate;ethyl-(2E,4Z)-decadienoate;http://www.wikidata.org/entity/Q27136415
419;3033-23-6;154;(-)-cis-rose oxide;tetrahydro-4-methyl-2-(2-methyl-1-propenyl)-2,5-cis-2H-pyran, (-)-cis-rose oxide;http://www.wikidata.org/entity/Q27136415
420;3142-66-3;102;hydroxypentanone;3-hydroxy-2-pentanone;http://www.wikidata.org/entity/Q27136415
421;3268-49-3;104;methional;3-(methylthio)propionaldehyde, 4-thiapentanal;http://www.wikidata.org/entity/Q27136415
422;3289-28-9;156;ethyl cyclohexanoate;ethyl cyclohexanecarboxylate;http://www.wikidata.org/entity/Q27136415
423;3338-55-4;136;(Z)-ocimene,;3,7-dimethyl-1,3,6-octatriene cis-β-ocimene;http://www.wikidata.org/entity/Q27136415
424;3387-41-5;136;sabinene;1-isopropyl-4-methylenebicyclo[3.1.0]hexane;http://www.wikidata.org/entity/Q27136415
425;3391-86-4;128;octenol;1-octen-3-ol;http://www.wikidata.org/entity/Q27136415
426;3581-91-7;113;dimethylthiazole;4,5-dimethyl thiazole;http://www.wikidata.org/entity/Q27136415
427;3658-77-3;112;furaneol;2,5-dimethyl-4-hydroxy-3[2H]-furanone;http://www.wikidata.org/entity/Q27136415
428;3658-80-8;126;dimethyl trisulfide;;http://www.wikidata.org/entity/Q27136415
429;3681-71-8;142;hexenyl acetate;(Z)-3-hexenyl acetate;http://www.wikidata.org/entity/Q27136415
430;3691-12-1;204;α-guaiene;guaia-1(5),11-diene, [1S-(1a,4a,7a)]-1,2,3,4,5,6,7,8-octahydro-1,4-dimethyl-7-(1-methylethenyl)-azulene;http://www.wikidata.org/entity/Q27136415
431;3777-69-3;138;pentylfuran;2-pentylfuran, 2-n-amylfuran;http://www.wikidata.org/entity/Q27136415
432;3779-61-1;136;(E)-β-ocimene;trans-β-ocimene, ocimene;http://www.wikidata.org/entity/Q27136415
433;3790-78-1;222;(Z)-nerolidol;(6Z)-3,7,11-trimethyl-1,6,10-dodecatrien-3-ol, cis-nerolidol;http://www.wikidata.org/entity/Q27136415
434;3792-53-8;152;(Z)-dihydrocarvone;cis-2-methyl-5-(1-methylethenyl)-cyclohexanone, cis-p-menth-8-en-2-one;http://www.wikidata.org/entity/Q27136415
435;3796-70-1;194;geranyl acetone;2,6-dimethyl-2,6-undecadien-10-one;http://www.wikidata.org/entity/Q27136415
436;3856-25-5;204;α-copaene;1,3-dimethyl-8-(1-methylethyl)-tricyclo[4.4.0.0.02,7-]dec-3-ene;http://www.wikidata.org/entity/Q27136415
437;3913-71-1;154;2-decenal;trans-2-decenal, 3-heptylacrolein;http://www.wikidata.org/entity/Q27136415
438;3913-81-3;154;2-decenal;(E)-2-decenal, 3-heptylacrolein;http://www.wikidata.org/entity/Q27136415
439;3943-74-6;182;methyl vanillate;methyl 4-hydroxy-3-methoxybenzoate;http://www.wikidata.org/entity/Q27136415
440;4077-47-8;142;dimethylmethoxyfuranone;2,5-dimethyl-4-methoxy-2,3-dihydro-3-furanone;http://www.wikidata.org/entity/Q27136415
441;4124-63-4;76;mercaptoacetaldehyde;;http://www.wikidata.org/entity/Q27136415
442;4128-17-0;264;(E,E)-farnesyl acetate;2-trans-6-trans-farnesyl acetate;http://www.wikidata.org/entity/Q27136415
443;4166-20-5;170;acetyloxy-dimethylfuranone;4-acetoxy-2,5-dimethyl-3(2H)-furanone;http://www.wikidata.org/entity/Q27136415
444;4192-77-2;176;ethyl-(E)-cinnamate;ethyl-trans-cinnamate;http://www.wikidata.org/entity/Q27136415
445;4312-99-6;126;octenone;1-octen-3-one;http://www.wikidata.org/entity/Q27136415
446;4313-02-4;110;2,4-heptadienal;(E,Z)-2,4-heptadienal;http://www.wikidata.org/entity/Q27136415
447;4313-03-5;110;2,4-heptadienal;(E,E)-2,4-heptadienal;http://www.wikidata.org/entity/Q27136415
448;4410-99-5;138;phenylethylthiol;2-phenylethylthiol, 2-phenylethanthiol;http://www.wikidata.org/entity/Q27136415
449;4430-36-8;161;erucin;1-isothiocyanato-4-(methylthio)-butane, 4-methylthiobutyl isothiocyanate;http://www.wikidata.org/entity/Q27136415
450;4430-42-6;175;berteroin;1-isothiocyanato-5-(methylthio)-pentane, 5-methylthiopentyl isothiocyanate;http://www.wikidata.org/entity/Q27136415
451;4586-22-5;222;α-caryophyllene alcohol;;http://www.wikidata.org/entity/Q27136415
452;4630-07-3;204;valencene;(+)-Valencene;http://www.wikidata.org/entity/Q27136415
453;4630-82-4;142;methyl cyclohexanecarboxylate;;http://www.wikidata.org/entity/Q27136415
454;4674-50-4;218;(+)-nootkatone;(+)-5,6-dimethyl-8-isopropenylbicyclo[4.4.0]dec-1-en-3-one;http://www.wikidata.org/entity/Q27136415
455;4748-78-1;134;ethylbenzaldehyde;4-ethyl benzaldehyde;http://www.wikidata.org/entity/Q27136415
456;4798-44-1;100;1-hexenol;1-hexen-3-ol;http://www.wikidata.org/entity/Q27136415
457;4861-58-9;154;2-pentylthiophene;2-pentyl-thiophene;http://www.wikidata.org/entity/Q27136415
458;4955-29-7;152;pinocarveol;[1S-(1-α-5-alpha)] 6,6-dimethyl-2-methylene bicyclo [3.1.1] heptan-3-ol;http://www.wikidata.org/entity/Q27136415
459;4959-35-7;152;(E)-limonene oxide;trans-1,2-epoxy-p-menth-8-ene, trans-limonene epoxide, (E)-limonene oxide;http://www.wikidata.org/entity/Q27136415
460;5009-32-5;140;nonenone;8-nonen-2-one;http://www.wikidata.org/entity/Q27136415
461;5208-59-3;0;β-bourbonene;;http://www.wikidata.org/entity/Q27136415
462;5258-11-7;154;(E)-rose oxide;(2R,4R)-tetrahydro-4-methyl-2-(2-methyl-1-propenyl)-2H-pyran, (-)-trans-rose oxide, trans-rose oxide;http://www.wikidata.org/entity/Q27136415
463;5273-85-8;208;(E)-isoelemicin;1,2,3-trimethoxy-5-(1E)-1-propenyl-benzene, isoelemicin;http://www.wikidata.org/entity/Q27136415
464;5287-45-6;102;methylbutenthiol;3-methyl-2-buten-1-thiol;http://www.wikidata.org/entity/Q27136415
465;5392-40-5;152;citral;3,7-dimethyl-2,6-octadienal (mixture cis and trans);http://www.wikidata.org/entity/Q27136415
466;5405-41-4;132;ethyl 3-hydroxybutanoate;;http://www.wikidata.org/entity/Q27136415
467;5471-51-2;164;raspberry ketone;1-(p-hydroxyphenyl)-3-butanone;http://www.wikidata.org/entity/Q27136415
468;5616-51-3;120;methyldithiolane;2-methyl-dithiacyclopentane, 2-methyl-1,3-dithiolane;http://www.wikidata.org/entity/Q27136415
469;5704-20-1;102;hydroxypentanone;2-hydroxy-3-pentanone;http://www.wikidata.org/entity/Q27136415
470;5756-24-1;157;dimethyl tetrasulfide;;http://www.wikidata.org/entity/Q27136415
471;5910-87-2;138;2,4-nonadienal;(E,E)-2,4-nonadienal;http://www.wikidata.org/entity/Q27136415
472;5910-89-4;108;dimethyl pyrazine;2,3-dimethyl pyrazine, 2,3-dimethyl-1,4-diazine;http://www.wikidata.org/entity/Q27136415
473;5932-68-3;164;(E)-isoeugenol;trans-isoeugenol;http://www.wikidata.org/entity/Q27136415
474;5944-20-7;154;isogeraniol;cis-isogeraniol;http://www.wikidata.org/entity/Q27136415
475;5948-04-9;152;(E)-dihydrocarvone;trans-2-methyl-5-(1-methylethenyl)-cyclohexanone, trans-p-menth-8-en-2-one;http://www.wikidata.org/entity/Q27136415
476;5989-27-5;136;(+)-limonene;(+)-(4R)-1-methyl-4-(1-methylethenyl)cyclohexene; (+)-carvene; D-1,8-p-menthadiene, D-limonene;http://www.wikidata.org/entity/Q27136415
477;5989-33-3;170;(Z)-linalool oxide;(Z)-2-methyl-2-vinyl-5-(2-hydroxy-2-proply)tetrahydrfuran, cis-linalool furan oxide;http://www.wikidata.org/entity/Q27136415
478;6032-29-7;88;2-pentanol;;http://www.wikidata.org/entity/Q27136415
479;6125-24-2;151;nitro-phenylethane;1-nitro-2-phenylethane;http://www.wikidata.org/entity/Q27136415
480;6258-63-5;130;thenylthiol;2-Thiophenemethanethiol, Thenyl mercaptan;http://www.wikidata.org/entity/Q27136415
481;6378-65-0;200;hexyl hexanoate;;http://www.wikidata.org/entity/Q27136415
482;6485-40-1;150;(-)-carvone;l-p-mentha-6,8(9)-dien-2-one, 1-methyl-4-isopropenyl-6-cycloxen-2-one, l-carvone;http://www.wikidata.org/entity/Q27136415
483;6627-88-9;194;6-Methoxyeugenol;4-allyl-2,6-dimethoxyphenol, 2,6-dimethoxy-4-(2-propenyl)- phenol, 4-Allylsyringol;http://www.wikidata.org/entity/Q27136415
484;6728-26-3;98;2-hexenal;(E)-2-hexenal;http://www.wikidata.org/entity/Q27136415
485;6728-31-0;112;4-heptenal;(Z)-4-heptenal;http://www.wikidata.org/entity/Q27136415
486;6750-03-4;138;2,4-nonadienal;;http://www.wikidata.org/entity/Q27136415
487;6750-60-3;220;spathulenol;(+)-spathulenol, espatulenol;http://www.wikidata.org/entity/Q27136415
488;6753-98-6;204;α-humulene;(E,E,E)-2,6,6-(9-tetrametyl)-1,4,8-cycloundecatriene, α-caryphyllene;http://www.wikidata.org/entity/Q27136415
489;6789-80-6;98;3-hexenal;(Z)-3-hexenal;http://www.wikidata.org/entity/Q27136415
490;6909-30-4;152;(+)-(E)-limonene oxide;(+)-trans-limonene-1,2-epoxide;http://www.wikidata.org/entity/Q27136415
491;7212-40-0;152;(E)-p-mentha-2,8-dien-1-ol;;http://www.wikidata.org/entity/Q27136415
492;7251-61-8;144;methyl quinoxaline;2-methyl chinoxaline;http://www.wikidata.org/entity/Q27136415
493;7452-79-1;130;ethyl methylbutyrate;ethyl 2-methylbutanoate;http://www.wikidata.org/entity/Q27136415
494;7492-41-3;188;bornyl formate;1,7,7-trimethylbicyclo[2.2.1]heptan-2-ol formate, borneol formate;http://www.wikidata.org/entity/Q27136415
495;7540-53-6;240;citronellyl valerate;3,7-dimethyl-6-octen-1-yl pentanoate;http://www.wikidata.org/entity/Q27136415
496;7554-12-3;190;diethyl malate;hydroxy-butanedioic acid, diethyl ester;http://www.wikidata.org/entity/Q27136415
497;7774-73-4;116;3-mercaptothiophene;3-thienyl mercaptan, 3-thiophenethiol;http://www.wikidata.org/entity/Q27136415
498;7786-44-9;140;2,6-nonadienol;(E,Z)-2,6-nonadienol;http://www.wikidata.org/entity/Q27136415
499;7786-61-0;150;p-vinylguaiacol;2-methoxy-4-vinylphenol, p-vinyl catechol-o-methyl ether, 4-ethenyl-2-methoxyphenol;http://www.wikidata.org/entity/Q27136415
500;10032-15-2;186;hexyl methylbutyrate;hexyl 2-methylbutyrate;http://www.wikidata.org/entity/Q27136415
501;10208-80-7;204;α-muurolene;;http://www.wikidata.org/entity/Q27136415
502;10307-61-6;130;(2S)-2-methyl-ethyl ester-butanoic acid;(S)-(+)-ethyl-2-methylbutanoate;http://www.wikidata.org/entity/Q27136415
503;10395-54-7;168;bornyl methyl ether;1,7,7-trimethylbicyclo[2.2.1]heptan-2-ol methyl ether;http://www.wikidata.org/entity/Q27136415
504;10402-47-8;238;geranyl valerate;geranyl pentanoate;http://www.wikidata.org/entity/Q27136415
505;10458-14-7;154;menthone;p-menthan-3-one, 5-methyl-2-(1-methylethyl) cyclohexanone;http://www.wikidata.org/entity/Q27136415
506;10471-96-2;238;linalyl valerate;linalyl pentanoate;http://www.wikidata.org/entity/Q27136415
507;10486-19-8;198;tridecanal;tridecanaldehyde, tridecyl aldehyde;http://www.wikidata.org/entity/Q27136415
508;13109-70-1;246;bornyl butyrate;1,7,7-trimethylbicyclo[2.2.1]heptan-2-ol butyrate, borneol butyrate;http://www.wikidata.org/entity/Q27136415
509;13360-64-0;122;ethylmethyl pyrazine;2-ethyl-5-methyl pyrazine;http://www.wikidata.org/entity/Q27136415
510;13360-65-1;136;2,5-dimethyl-3-ethylpyrazine;3-ethyl-2,5-dimethylpyrazine, 2,5-dimethyl-3-ethylpyrazine;http://www.wikidata.org/entity/Q27136415
511;13419-69-7;114;(E)-2-hexenoic acid;2-hexenoic acid;http://www.wikidata.org/entity/Q27136415
512;13466-78-9;136;δ-3-carene;3,7,7-trimethyl bicyclohept-3-ene;http://www.wikidata.org/entity/Q27136415
513;13474-59-4;204;(E)-α-bergamotene;(-)-trans-α-bergamotene;http://www.wikidata.org/entity/Q27136415
514;13623-11-5;127;trimethylthiazole;2,4,5-trimethylthiazole;http://www.wikidata.org/entity/Q27136415
515;13678-68-7;156;S-(2-furfuryl)-ethanethioate;S-(2-furfuryl)-ethanethioate,S-(2-furanylmethyl) ester ethanethioic acid;http://www.wikidata.org/entity/Q27136415
516;13679-70-4;126;formylmethyl thiophene;2-formyl-5-methylthiophene;http://www.wikidata.org/entity/Q27136415
517;13679-85-1;116;methyldihydrothiophenone;2-methyldihydro-3(2H)-thiophenone, 2-methyltetrahydrothiophen-3-one;http://www.wikidata.org/entity/Q27136415
518;13744-15-5;204;β-cubebene;(-)-β-cubebene;http://www.wikidata.org/entity/Q27136415
519;13837-75-7;152;(Z)-limonene oxide;cis-1,2-epoxy-p-menth-8-ene;http://www.wikidata.org/entity/Q27136415
520;13925-00-3;108;ethyl pyrazine;2-ethyl pyrazine;http://www.wikidata.org/entity/Q27136415
521;13925-05-8;136;5-isopropyl-2-methylpyrazine;2-methyl-5-(1-methylethyl)-pyrazine;http://www.wikidata.org/entity/Q27136415
522;13925-07-0;136;dimethylethyl pyrazine;2,6-dimethyl-3-ethylpyrazine;http://www.wikidata.org/entity/Q27136415
523;13925-07-0;136;ethyldimethylpyrazine;2-ethyl-3,5-dimethylpyrazine;http://www.wikidata.org/entity/Q27136415
524;13955-48-1;152;epoxy-p-menthene;(3R,4S,8R)-3,9-epoxy-1-p-menthene;http://www.wikidata.org/entity/Q27136415
525;14009-71-3;170;cis-linalool pyran oxide;cis-6-ethenyltetrahydro-2,2,6-trimethylpyran-3-ol, cis-pyranoid linalool oxide;http://www.wikidata.org/entity/Q27136415
526;14049-11-7;170;epoxylinalool;6-ethenyltetrahydro-2,2,6-trimethyl-2H-Pyran-3-ol, linalool pyran oxide;http://www.wikidata.org/entity/Q27136415
527;14371-10-9;132;(E)-cinnamaldehyde;3-phenyl-2-propenal, trans-cinnamic aldehyde, (E)-3-phenylpropenal;http://www.wikidata.org/entity/Q27136415
528;14575-74-7;154;α-fenchyl alcohol;endo-1,3,3-trimethyl-norbornan-2-ol, 1,3,3-trimethyl-bicyclo[2.2.1]heptan-2-ol;http://www.wikidata.org/entity/Q27136415
529;14575-74-7;154;α-fenchyl alcohol;α-fenchyl alcoholα-1,3,3-trimethyl-norbornan-2-ol, α-1,3,3-trimethyl bicyclo[2.2.1]heptan-2-ol;http://www.wikidata.org/entity/Q27136415
530;14667-55-1;122;trimethyl-pyrazine;2,3,5-trimethylpyrazine;http://www.wikidata.org/entity/Q27136415
531;15051-81-7;222;10-epi-γ-eudesmol;;http://www.wikidata.org/entity/Q27136415
532;15186-51-3;150;(methylbutenyl)-methylfuran;2-(3-methyl-2-butenyl)-3-methylfuran;http://www.wikidata.org/entity/Q27136415
533;15352-77-9;222;β-bisabolol;(1S)-1-[(1S)-1,5-dimethyl-4-hexenyl]-4-methyl-3-cyclohexen-1-ol, β-bisabolol;http://www.wikidata.org/entity/Q27136415
534;15423-57-1;204;germacrene B;1,5-dimethyl-8-(1-methylethylidene)-1,5-cyclodecadiene;http://www.wikidata.org/entity/Q27136415
535;15456-69-6;196;(Z)-6-dodecen-γ-lactone;dihydro-5-(2-octenyl)-2(3H)-furanone, 4-hydroxy-γ-lactone-6-dodecenoic acid;http://www.wikidata.org/entity/Q27136415
536;15537-55-0;154;cis-sabinene hydrate;cis-4-thujanol;http://www.wikidata.org/entity/Q27136415
537;15706-73-7;158;butyl methylbutyrate;butyl 2-methylbutyrate;http://www.wikidata.org/entity/Q27136415
538;15707-23-0;122;methylethyl pyrazine;2-methyl-3-ethylpyrazine;http://www.wikidata.org/entity/Q27136415
539;15707-34-3;136;ethyldimethylpyrazine;2,3-dimethyl-6-ethylpyrazine, 6-ethyl-2,3-dimethylpyrazine;http://www.wikidata.org/entity/Q27136415
540;16491-36-4;170;(Z)-3-hexenyl butanoate;(3Z)-3-hexenyl ester butanoic acid, cis-hex-3-en-1-yl-butyrate, (Z)-3-hexenyl butyrate;http://www.wikidata.org/entity/Q27136415
541;16630-66-3;120;methyl-2-(methylthio)acetate;(methylthio) acetic acid methyl ester;http://www.wikidata.org/entity/Q27136415
542;16721-39-4;154;piperitol;trans-p-menth-1-en-3-ol;http://www.wikidata.org/entity/Q27136415
543;16750-94-0;154;isogeraniol;trans-isogeraniol;http://www.wikidata.org/entity/Q27136415
544;17042-24-9;118;mercaptopentanone;2-mercapto-3-pentanone;http://www.wikidata.org/entity/Q27136415
545;17066-67-0;204;β-selinene;;http://www.wikidata.org/entity/Q27136415
546;17699-14-8;204;α-cubebene;(-)-α-cubebene;http://www.wikidata.org/entity/Q27136415
547;17699-16-0;154;trans-sabinene hydrate;trans-4-thujanol;http://www.wikidata.org/entity/Q27136415
548;18031-40-8;150;perillaldehyde;(S)-4-(1-methylethenyl)-1-cyclohexene-carboxaldehyde, p-mentha-1,8-dien-7-al;http://www.wikidata.org/entity/Q27136415
549;18060-79-2;127;4-pentenyl isothiocyanate;5-isothiocyano-1-pentene, 4-pentenyl ester isothiocyanic acid;http://www.wikidata.org/entity/Q27136415
550;18138-04-0;150;diethylmethyl pyrazine;2,3-diethyl-5-methylpyrazine;http://www.wikidata.org/entity/Q27136415
551;18138-05-1;150;diethylmethylpyrazine;3,5-diethyl-2-methylpyrazine;http://www.wikidata.org/entity/Q27136415
552;18368-95-1;134;p-menthatriene;p-mentha-1,3,8-triene;http://www.wikidata.org/entity/Q27136415
553;18409-17-1;128;octenol;(E)-2-octenol;http://www.wikidata.org/entity/Q27136415
554;18433-98-2;178;isopentyldimethylpyrazine;2-isopentyl-3,6-dimethyl pyrazine;http://www.wikidata.org/entity/Q27136415
555;18479-49-7;156;dihydrolinalool;3,7-dimethyl-1-octen-3-ol, 6,7-dihydrolinalool;http://www.wikidata.org/entity/Q27136415
556;18479-58-8;156;6(10)-dihydromyrcenol;2,6-dimethyl-7-octen-2-ol;http://www.wikidata.org/entity/Q27136415
557;18479-58-8;156;dihydromyrcenol;6,10-dihydromyrcenol;http://www.wikidata.org/entity/Q27136415
558;18479-68-0;154;p-menth-1-en-9-ol;;http://www.wikidata.org/entity/Q27136415
559;18607-93-7;192;asaricin;5-methoxy-6-(2-propenyl)-1,3-benzodioxole, sarisan;http://www.wikidata.org/entity/Q27136415
560;18640-74-9;141;isobutyl thiazole;2-isobutylthiazole;http://www.wikidata.org/entity/Q27136415
561;18675-35-9;154;isodihydrocarveol;2-methyl-5-(1-methylethenyl)-cyclohexanol, p-menth-8-en-2-ol;http://www.wikidata.org/entity/Q27136415
562;18679-18-0;196;(Z)-6-dodecene-γ-lactone;dihydro-5-(2Z)-2-octenyl-2(3H)-Furanone, cis-γ-dodec-6-enolactone;http://www.wikidata.org/entity/Q27136415
563;18787-63-8;240;hexadecanone;2-hexadecanone;http://www.wikidata.org/entity/Q27136415
564;18794-84-8;204;β-farnesene;(E)-7,11-dimethyl-3-methylene-1,6,10-dodecatriene, (E)-β-farnesene;http://www.wikidata.org/entity/Q27136415
565;18829-55-5;112;heptenal;(E)-2-heptenal;http://www.wikidata.org/entity/Q27136415
566;18829-56-6;140;(E)-2-nonenal;trans-2-nonenal;http://www.wikidata.org/entity/Q27136415
567;19322-27-1;114;norfuraneol;4-hydroxy-5-methyl-3-(2H)-furanone;http://www.wikidata.org/entity/Q27136415
568;19700-21-1;182;geosmin;octahydro-4,8a-dimethyl-4a(2H)-Naphthalenol;http://www.wikidata.org/entity/Q27136415
569;19788-49-9;134;ethyl mercaptopropionate;ethyl-2-mercaptopropionate;http://www.wikidata.org/entity/Q27136415
570;19846-22-1;138;2-methoxy-3,6-dimethylpyrazine;3-methoxy-2,5-dimethylpyrazine;http://www.wikidata.org/entity/Q27136415
571;19872-52-7;132;4-mercapto-4-methyl-2-pentanone;;http://www.wikidata.org/entity/Q27136415
572;19888-33-6;220;humulene oxide;1,5,9,9-tetramethyl-12-oxabicyclododeca-4,7-diene;http://www.wikidata.org/entity/Q27136415
573;19912-62-0;222;T-muurolol;;http://www.wikidata.org/entity/Q27136415
574;20053-88-7;152;hotrienol;(-)-trans-hotrienol, (R,E) 3,7-dimethyl-1,5,7-octatrien-3-ol;http://www.wikidata.org/entity/Q27136415
575;20307-83-9;204;β-sesquiphellandrene;;http://www.wikidata.org/entity/Q27136415
576;20307-84-0;204;δ-elemene;(3R-trans)-4-ethenyl-4-methyl-3-(1-methylethenyl)-1-(1-methylethyl)-cyclohexene, (1S,2R)-(-)-2-isopropenyl-1-vinyl-p-menth-3-ene;http://www.wikidata.org/entity/Q27136415
577;20407-84-5;182;2-dodecenal;(E)-2-dodecenal, β-octyl acrolein;http://www.wikidata.org/entity/Q27136415
578;20664-46-4;126;2-octenal;(Z)-2-octenal;http://www.wikidata.org/entity/Q27136415
579;20777-49-5;196;dihydrocarvyl acetate;p-menth-8(9)-en-2-yl acetate;http://www.wikidata.org/entity/Q27136415
580;21284-22-0;222;(-)-cubenol;;http://www.wikidata.org/entity/Q27136415
581;21391-99-1;200;α-calacorene;;http://www.wikidata.org/entity/Q27136415
582;21661-99-4;138;(E,Z)-2,4-nonadienal;(2E,4Z)-2,4-nonadienal;http://www.wikidata.org/entity/Q27136415
583;21662-09-9;154;(Z)-4-decenal;;http://www.wikidata.org/entity/Q27136415
584;21835-00-7;126;hydroxydimethylcyclopentenone;2-hydroxy-3,4-dimethyl-2-cyclopenten-1-one;http://www.wikidata.org/entity/Q27136415
585;21944-83-2;138;3,6-nonadienal;(Z,Z)-3,6-nonadienal;http://www.wikidata.org/entity/Q27136415
586;22047-25-2;122;acetylpyrazine;2-acetylpyrazine, 1-pyrazinylethanone;http://www.wikidata.org/entity/Q27136415
587;22451-73-6;222;bulnesol;guai-1(10)-en-11-ol;http://www.wikidata.org/entity/Q27136415
588;23089-26-1;222;levomenol;β-bisabolol;http://www.wikidata.org/entity/Q27136415
589;23267-57-4;208;epoxy-β-ionone;5,6-epoxy-β-ionone;http://www.wikidata.org/entity/Q27136415
590;23726-91-2;192;(E)-β-damascone;(2E)-1-(2,6,6-trimethyl-1-cyclohexen-1-yl)-2-buten-1-one, trans-β-damascone;http://www.wikidata.org/entity/Q27136415
591;23726-93-4;190;β-damascenone;trans-β-damascenone, (E)-β-damascenone;http://www.wikidata.org/entity/Q27136415
592;23727-16-4;150;myrtenal;(+)-(1S)-6,6-dimethyl-bicyclo[3.1.1]hept-2-ene-2-carboxaldehyde;http://www.wikidata.org/entity/Q27136415
593;23747-48-0;134;dihydromethylcyclopentapyrazine;6,7-dihydro-5-methyl-5H-cyclopentapyrazine;http://www.wikidata.org/entity/Q27136415
594;23986-74-5;204;germacrene D;1-methyl-5-methylene-8-(1-methylethyl)-1,6-cyclodecadiene;http://www.wikidata.org/entity/Q27136415
595;24168-70-5;166;butylmethoxypyrazine;2-sec-butyl-3-methoxypyrazine, 2-methoxy-3-(sec-butyl)-pyrazine;http://www.wikidata.org/entity/Q27136415
596;24295-03-2;127;acetylthiazole;2-acetylthiazole;http://www.wikidata.org/entity/Q27136415
597;24415-26-7;140;nonenone;1-nonen-3-one;http://www.wikidata.org/entity/Q27136415
598;24683-00-9;166;isobutylmethoxypyrazine;2-isobutyl-3-methoxypyrazine;http://www.wikidata.org/entity/Q27136415
599;24703-35-3;204;bicyclogermacrene;(+)-bicyclogermacrene;http://www.wikidata.org/entity/Q27136415
600;25152-83-4;152;decadienal;(E,Z)-2,4-decadienal;http://www.wikidata.org/entity/Q27136415
601;25152-84-5;152;decadienal;(E,E)-2,4-decadienal;http://www.wikidata.org/entity/Q27136415
602;25246-27-9;204;alloaromadendrene;;http://www.wikidata.org/entity/Q27136415
603;25343-57-1;125;2-acetyl-1,4,5,6-tetrahydropyridine;2-acetyl-1,4,5,6-tetrahydropyridine, 1-(1,4,5,6-tetrahydro-2-pyridinyl)- ethanone;http://www.wikidata.org/entity/Q27136415
604;25415-67-2;144;ethyl isohexanoate;4-methyl pentanoic acid ethyl ester;http://www.wikidata.org/entity/Q27136415
605;25773-40-4;152;isopropylmethoxypyrazine;2-isopropyl-3-methoxypyrazine;http://www.wikidata.org/entity/Q27136415
606;25779-13-9;138;styrene glycol;styrene glycol (1-phenyl 1,2-ethanediol);http://www.wikidata.org/entity/Q27136415
607;26486-13-5;116;methyldihydrofuranthiol;2-methyl-4,5-dihydro-3-furanthiol;http://www.wikidata.org/entity/Q27136415
608;26548-78-7;118;methyltetrahydrofuranthiol;(E)-2-methyl-3-tetrahydrofuranthiol;http://www.wikidata.org/entity/Q27136415
609;26927-90-2;258;bornyl benzoate;1,7,7-trimethylbicyclo[2.2.1]heptan-2-ol benzoate, borneol benzoate;http://www.wikidata.org/entity/Q27136415
610;27300-27-2;125;2-acetyl-3,4,5,6-tetrahydropyridine;2-acetyl-3,4,5,6-tetrahydropyridine, 1-(3,4,5,6-tetrahydro-2-pyridinyl)- Ethanone;http://www.wikidata.org/entity/Q27136415
611;27400-71-1;136;ocimene;(Z)-ocimene;http://www.wikidata.org/entity/Q27136415
612;27538-09-6;142;methyl furaneol;5-ethyl-4-hydroxy-2-methyl-3(2H)-furanone;http://www.wikidata.org/entity/Q27136415
613;27538-10-9;142;homofuraneol;2-ethyl-4-hydroxy-5-methyl-3(2H)-furanone, homofuraneol, ethyl-furaneol;http://www.wikidata.org/entity/Q27136415
614;27576-03-0;132;p, a -dimethylstyrol; 4-methyl-α-methylstyrene, 2-p-tolyl propene;http://www.wikidata.org/entity/Q27136415
615;28069-72-9;140;nonadienol;(E,Z)-2,6-nonadien-1-ol;http://www.wikidata.org/entity/Q27136415
616;28231-03-0;220;cedrenol;cedr-8(15)-en-9-ol;http://www.wikidata.org/entity/Q27136415
617;28588-74-1;114;methylfuranthiol;2-methyl-3-furanthiol;http://www.wikidata.org/entity/Q27136415
618;28588-75-2;226;bis(2-methyl-3-furyl)disulphide;bis(2-methyl-3-furyl)disulfide, bis(methylfuryl)disulfide;http://www.wikidata.org/entity/Q27136415
619;28664-35-9;128;sotolon;3-hydroxy-4,5-dimethyl-2(5H)-furanone;http://www.wikidata.org/entity/Q27136415
620;28839-13-6;196;p-menth-1-en-9-yl acetate;β-4-dimethyl-3-cyclohexane-1-ethanol acetate, p-menth-1-en-9-ol acetate;http://www.wikidata.org/entity/Q27136415
621;28973-97-9;204;(Z)-β-Farnesene;(6Z)-7,11-dimethyl-3-methylene-1,6,10-dodecatriene, cis-β-farnesene;http://www.wikidata.org/entity/Q27136415
622;28982-60-7;150;dehydrocarveol;p-menthatrien-2-ol,;http://www.wikidata.org/entity/Q27136415
623;29354-98-1;242;hexadecanol;;http://www.wikidata.org/entity/Q27136415
624;29790-29-2;206;oxo-β-ionone;(E)-3-oxo-β-ionone;http://www.wikidata.org/entity/Q27136415
625;29837-12-5;204;cadinadiene;cadina-1,4-diene;http://www.wikidata.org/entity/Q27136415
626;29873-99-2;204;(-)-γ-elemene;1-ethenyl-1-methyl-2-(1-methylethenyl)-4-(1-methylethylidene)-cyclohexane, γ-elemene;http://www.wikidata.org/entity/Q27136415
627;29887-38-5;154;artemisia alcohol;3,3,6-trimethyl-1,5-heptadien-4-ol;http://www.wikidata.org/entity/Q27136415
628;29926-41-8;129;acetylthiazoline;2-acetyl-2-thiazoline;http://www.wikidata.org/entity/Q27136415
629;30021-74-0;204;γ-muurolene;;http://www.wikidata.org/entity/Q27136415
630;30361-28-5;124;2,4-octadienal;(E,E)-2,4-octadienal;http://www.wikidata.org/entity/Q27136415
631;30364-38-6;172;dehydro-ar-ionene;1,2-dihydro-1,1,6-trimethylnaphthalene, 1,1,6-trimethyl-1,2-dihydronaphthalene;http://www.wikidata.org/entity/Q27136415
632;30673-36-0;228;butyl decanoate;;http://www.wikidata.org/entity/Q27136415
633;31331-53-0;108;1-(methylthio)ethanethiol;;http://www.wikidata.org/entity/Q27136415
634;31501-11-8;198;(Z)-3-hexenyl hexanoate;cis-3-hexenyl hexanoate, cis-hex-3-en-1-yl hexanoate;http://www.wikidata.org/entity/Q27136415
635;31539-84-1;134;4-mercapto-4-methyl-2-pentanol;;http://www.wikidata.org/entity/Q27136415
636;31823-43-5;142;3-nonenal;(Z)-3-nonenal;http://www.wikidata.org/entity/Q27136415
637;32495-14-0;168;p-mentha-dien-hydroperoxide;p-mentha-1,8-dien-4-yl-hydroperoxide;http://www.wikidata.org/entity/Q27136415
638;33504-66-4;122;methylethylpyrazine;2-ethyl-6(or 5)-methylpyrazine;http://www.wikidata.org/entity/Q27136415
639;33580-05-1;108;fucoserratene;(3E,5E)-1,3,5-octatriene, (E,Z)-1,3,5-octatriene;http://www.wikidata.org/entity/Q27136415
640;33880-83-0;204;β-elemene;(1alpha,2beta,4beta)-1-ethenyl-1-methyl-2,4-bis(1-methylethenyl)-cyclohexane, β-elemene;http://www.wikidata.org/entity/Q27136415
641;34047-39-7;118;4-methylthio-2-butanone;;http://www.wikidata.org/entity/Q27136415
642;34300-94-2;118;mercaptomethylbutanol;3-mercapto-3-methyl-1-butanol;http://www.wikidata.org/entity/Q27136415
643;34318-21-3;208;3-oxo-α-ionol;4-(3-hydroxy-1-butenyl)-3,5,5-trimethyl- 2-Cyclohexen-1-one;http://www.wikidata.org/entity/Q27136415
644;34995-77-2;170;(E)-linalool oxide;(E,E)-2-methyl-2vinyl-5-(2-hydroxy-2-propyl)tetrahydrofuran, trans-linalool furan oxide;http://www.wikidata.org/entity/Q27136415
645;36564-42-8;222;δ-cadinol;;http://www.wikidata.org/entity/Q27136415
646;36653-82-4;242;cetyl alcohol;1-hexadecanol, palmityl alcohol;http://www.wikidata.org/entity/Q27136415
647;38205-61-7;141;ethyldimethylthiazole;5-ethyl-2,4-dimethylthiazole;http://www.wikidata.org/entity/Q27136415
648;38284-27-4;124;3,5-octadienone;3,5-octadien-2-one;http://www.wikidata.org/entity/Q27136415
649;38427-78-0;218;(-)-nootkatone;5,6-dimethyl-8-isopropenylbicyclo[4.4.0]dec-1-en-3-one;http://www.wikidata.org/entity/Q27136415
650;39029-41-9;204;γ-cadinene;;http://www.wikidata.org/entity/Q27136415
651;39638-67-0;156;(E)-oak lactone;(trans)-3-methyloctanoic acid-γ-lactone, (+)-trans-whiskey lactone, 5-butyldihydro-4-methyl- 2(3H)-Furanone;http://www.wikidata.org/entity/Q27136415
652;39647-11-5;212;methyl dihydroepijasmonate;(+)-methyl dihydroepijasmonate;http://www.wikidata.org/entity/Q27136415
653;40716-66-3;222;nerolidol;(6E)-3,7,11-trimethyl-1,6,10-dodecatrien-3-ol, peruviol, trans-nerolidol;http://www.wikidata.org/entity/Q27136415
654;40789-98-8;104;mercaptobutanone;3-mercapto-2-butanone;http://www.wikidata.org/entity/Q27136415
655;43160-78-7;170;oxodecanal;4-oxodecanal;http://www.wikidata.org/entity/Q27136415
656;50746-10-6;148;mercaptomethylbutyl formate;3-mercapto-3-methylbutyl formate;http://www.wikidata.org/entity/Q27136415
657;50862-12-9;200;heptyl 2-methylbutyrate;;http://www.wikidata.org/entity/Q27136415
658;51193-77-2;126;3-octenone;(Z)-3-octen-2-one;http://www.wikidata.org/entity/Q27136415
659;51755-83-0;134;3-mercaptohexanol;3-mercapto-1-hexanol;http://www.wikidata.org/entity/Q27136415
660;52558-99-3;101;methylthiazoline;4-methyl-3-thiazoline;http://www.wikidata.org/entity/Q27136415
661;53398-85-9;184;(Z)-3-hexenyl-2-methylbutanoate;(3Z)-3-hexenyl ester-2-methyl-butanoic acid, cis-3-hexenyl-2-methylbutyrate, (Z)-3-hexenyl-2-methylbutyrate;http://www.wikidata.org/entity/Q27136415
662;53448-07-0;168;(E)-2-undecenal;trans-2-undecenal, (2E)-2-undecenal;http://www.wikidata.org/entity/Q27136415
663;54290-12-9;239;7-heptadecene;;http://www.wikidata.org/entity/Q27136415
664;54814-64-1;168;R-δ-decenolactone;5-hydroxy-2-decenoic acid δ-lactone;http://www.wikidata.org/entity/Q27136415
665;55013-32-6;156;(Z)-oak-lactone;5-butyldihydro-4-methyl- 2(3H)-Furanone, (+)-cis-whiskey lactone;http://www.wikidata.org/entity/Q27136415
666;55041-85-5;149;acetylpyrrolizine;5-acetyl-2,3-1H-pyrrolizine;http://www.wikidata.org/entity/Q27136415
667;55764-23-3;128;dimethylfuranthiol;2,5-dimethyl-3-furanthiol;http://www.wikidata.org/entity/Q27136415
668;55764-25-5;156;3-(acetylthio)-2-methylfuran;s-(2-methyl-3-furyl)-ethanethioate, S-(2-methyl-3-furanyl) ester ethanethioic acid;http://www.wikidata.org/entity/Q27136415
669;56747-96-7;0;caryophyllene alcohol;;http://www.wikidata.org/entity/Q27136415
670;56805-23-3;140;(E,Z)-3,6-nonadien-1-ol;(3E,6Z)-3,6-nonadien-1-ol;http://www.wikidata.org/entity/Q27136415
671;57461-21-9;188;trimethylphenylbutenone;(3E)-4-(2,3,6-trimethylphenyl)-3-buten-2-one, (E)-4-(2,3,6-trimethylphenyl)-3-buten-2-one;http://www.wikidata.org/entity/Q27136415
672;57500-00-2;160;furfurylmethyldisulphide;2-furfurylmethyl-disulphide;http://www.wikidata.org/entity/Q27136415
673;58181-76-3;222;β-farnesol;;http://www.wikidata.org/entity/Q27136415
674;58334-55-7;222;zingiberenol;;http://www.wikidata.org/entity/Q27136415
675;58615-39-7;152;isopiperitone;;http://www.wikidata.org/entity/Q27136415
676;58985-18-5;306;dihydroterpinyl acetate;dihydroterpineol acetate;http://www.wikidata.org/entity/Q27136415
677;59121-25-4;129;5-(methylthio)-valeronitrile;5-(methylthio)-pentanenitrile, 1-cyano-4-(methylthio)butane, 5-methylthiopentanenitrile;http://www.wikidata.org/entity/Q27136415
678;59303-05-8;128;methylfurfurylthiol;5-methyl-2-furfurylthiol;http://www.wikidata.org/entity/Q27136415
679;60066-88-8;218;β-sinensal;2,6-dimethyl-10-methylene-2,6,11-dodecatrienal;http://www.wikidata.org/entity/Q27136415
680;60784-31-8;140;2-nonenal;(Z)-2-nonenal;http://www.wikidata.org/entity/Q27136415
681;65128-99-6;132;methylcyclopentapyrazine;5-methyl-5(H)-cyclopentapyrazine;http://www.wikidata.org/entity/Q27136415
682;65505-17-1;160;methyldithiofurane;2-methyl-3-methyldithio-furane;http://www.wikidata.org/entity/Q27136415
683;65505-17-1;160;methyl-(methyldithio)furan;2-methyl-3-(methyldithio)furan;http://www.wikidata.org/entity/Q27136415
684;65767-22-8;124;octadienone;(Z)-1,5-octadien-3-one;http://www.wikidata.org/entity/Q27136415
685;65909-91-3;152;2,4-decadienal;(Z,Z)-2,4-decadienal;http://www.wikidata.org/entity/Q27136415
686;67633-97-0;118;mercaptopentanone;3-mercapto-2-pentanone;http://www.wikidata.org/entity/Q27136415
687;67952-60-7;150;2-methyl-2-(methyldithio)propanal;;http://www.wikidata.org/entity/Q27136415
688;68039-26-9;172;pentyl methylbutyrate;pentyl 2-methylbutyrate;http://www.wikidata.org/entity/Q27136415
689;69064-37-5;184;(E)-2-dodecen-1-ol;(2E)-2-dodecen-1-ol, trans-2-dodecenol;http://www.wikidata.org/entity/Q27136415
690;69134-53-8;204;Diethyl 2-hydroxyglutarate;2-Hydroxyglutaric acid diethyl ester;http://www.wikidata.org/entity/Q27136415
691;70286-20-3;138;acetylmethylcyclohexene;4-acetyl-1-methyl-1-cyclohexene;http://www.wikidata.org/entity/Q27136415
692;71159-90-5;170;p-menthenethiol;1-p-menthene-8-thiol;http://www.wikidata.org/entity/Q27136415
693;72203-97-5;153;cis-isocitral;(Z)-3,7-dimethyl-3,6-octadienal;http://www.wikidata.org/entity/Q27136415
694;72203-98-6;152;dimethyloctadienal;(E)-3,7-dimethyl-3,6-octadienal;http://www.wikidata.org/entity/Q27136415
695;72755-76-1;144;octenhydroperoxide;1-octen-3-hydroperoxide;http://www.wikidata.org/entity/Q27136415
696;73744-93-1;204;sesquiphellandrene;3-(1,5-dimethyl-4-hexenyl)-6-methylene-cyclohexene;http://www.wikidata.org/entity/Q27136415
697;74410-10-9;151;dill ether;;http://www.wikidata.org/entity/Q27136415
698;75832-79-0;132;mercaptomethylpentanone;3-mercapto-4-methyl-2-pentanone;http://www.wikidata.org/entity/Q27136415
699;75853-49-5;212;12-methyltridecanal;12-methyl tridecanal;http://www.wikidata.org/entity/Q27136415
700;77026-83-6;168;p-menthadienhydroperoxide;(E)-p-mentha-1(7),8-dien-2-hydroperoxide;http://www.wikidata.org/entity/Q27136415
701;77026-84-7;168;p-menthadienhydroperoxide;(Z)-p-mentha-1,8-dien-2-hydroperoxide;http://www.wikidata.org/entity/Q27136415
702;80041-00-5;156;(Z)-whiskey lactone;5-butyldihydro-4-methyl-2(3H)-Furanone, (-)-cis-whiskey lactone;http://www.wikidata.org/entity/Q27136415
703;80041-01-6;156;(E)-Whiskey lactone;5-butyldihydro-4-methyl- 2(3H)-Furanone, (+)-trans-Whiskey lactone;http://www.wikidata.org/entity/Q27136415
704;80466-34-8;96;2,4-hexadienal;;http://www.wikidata.org/entity/Q27136415
705;81018-77-1;188;trimethylphenylbutenone;(3Z)-4-(2,3,6-trimethylphenyl)-3-buten-2-one;http://www.wikidata.org/entity/Q27136415
706;83861-74-9;126;1,5-octadien-3-ol;;http://www.wikidata.org/entity/Q27136415
707;85213-22-5;111;acetylpyrroline;2-acetyl-1-pyrroline;http://www.wikidata.org/entity/Q27136415
708;85761-70-2;98;(E)-2-hexenal;;http://www.wikidata.org/entity/Q27136415
709;92356-06-4;166;(epoxymethylbutyl)-methylfuran;2-(2’,3’-epoxy-3’-methylbutyl)-3-methyl furan;http://www.wikidata.org/entity/Q27136415
710;92760-25-3;152;2,3-dehydro-1,8-cineole;1,3,3-trimethyl-2-oxabicyclo[2.2.2]oct-5-ene, dehydrocineole;http://www.wikidata.org/entity/Q27136415
711;94087-83-9;134;methoxymethylbutanethiol;4-methoxy-2-methyl-2-butanethiol;http://www.wikidata.org/entity/Q27136415
712;94268-57-2;168;p-menthadienhydroperoxide;(E)-p-mentha-6,8-dien-2-hydroperoxide;http://www.wikidata.org/entity/Q27136415
713;95722-42-2;225;methyl epijasmonate;(+)-(Z)-methyl epijasmonate;http://www.wikidata.org/entity/Q27136415
714;95908-33-1;218;hydroxycalamenene;5-hydroxycalamenene;http://www.wikidata.org/entity/Q27136415
715;102322-83-8;126;filbertone;5-methyl-(E)-2-hepten-4-one;http://www.wikidata.org/entity/Q27136415
716;105683-99-6;154;6-decenal;(Z)-6-decenal;http://www.wikidata.org/entity/Q27136415
717;109351-28-2;140;3-nonenal;(E)-3-nonenal;http://www.wikidata.org/entity/Q27136415
718;110516-60-4;142;ethyl-4-hydroxymethyl- 3(2H)-Furanone;;http://www.wikidata.org/entity/Q27136415
719;113486-29-6;170;methylnonanedione;3-methyl-2,4-nonanedione;http://www.wikidata.org/entity/Q27136415
720;114791-16-1;220;cadina-1,4-dien-3-ol;(4aR,5S,8S)-2,4a,5,6,7,8-hexahydro-3,8-dimethyl-5-(1-methylethyl)-2-naphthalenol;http://www.wikidata.org/entity/Q27136415
721;120021-96-7;204;δ-muurolene;;http://www.wikidata.org/entity/Q27136415
722;123123-38-6;222;eudesmol;7-epi-α-eudesmol;http://www.wikidata.org/entity/Q27136415
723;125811-37-2;150;(R)-linden ether;2,4,5,7a-tetrahydro-3,6-dimethyl-benzofuran;http://www.wikidata.org/entity/Q27136415
724;128386-31-2;154;epoxy-2-nonenal;(E)-4,5-epoxy-(E)-2-nonenal;http://www.wikidata.org/entity/Q27136415
725;131092-10-9;152;dimethoxytoluene;dimethoxymethylbenzene;http://www.wikidata.org/entity/Q27136415
726;131671-56-2;140;4-ethyl-6-hepten-3-one;;http://www.wikidata.org/entity/Q27136415
727;133447-37-7;125;propionylpyrroline;2-propionyl-1-pyrroline;http://www.wikidata.org/entity/Q27136415
728;134346-43-3;182;epoxy-2-undecenal;(E)-4,5-epoxy-(E)-2-undecenal;http://www.wikidata.org/entity/Q27136415
729;134452-45-2;140;epoxy-2-octenal;(E)-4,5-epoxy-(E)-2-octenal;http://www.wikidata.org/entity/Q27136415
730;134454-31-2;168;epoxy-2-decenal;(E)-4,5-epoxy-(E)-2-decenal;http://www.wikidata.org/entity/Q27136415
731;136954-20-6;176;3-mercaptohexyl-acetate;3-mercapto-1-hexanol-1-acetate;http://www.wikidata.org/entity/Q27136415
732;147159-48-6;154;6-decenal;(E)-6-decenal;http://www.wikidata.org/entity/Q27136415
733;157615-33-3;205;ethenyl-dimethylpyrazine;2-ethenyl-3,5-dimethylpyrazine;http://www.wikidata.org/entity/Q27136415
734;168564-54-3;152;pinenol;2-pinen-5-ol;http://www.wikidata.org/entity/Q27136415
735;181589-32-2;148;ethenyl-ethylmethylpyrazine;2-ethenyl-3-ethyl-5-methylpyrazine;http://www.wikidata.org/entity/Q27136415
736;182699-77-0;166;wine lactone;(3S,3aS,7aR)-3a,4,5,7a-tetrahydro-3,6-dimethylbenzofuran-2(3H)-one;http://www.wikidata.org/entity/Q27136415
737;359794-78-8;260;1,5-octadienone;(E)-1,5-octadien-3-one;http://www.wikidata.org/entity/Q27136415
